#NAME?,"<?xml version=""1.0"" encoding=""utf-16""?><WebTableParameter xmlns:xsd=""http://www.w3.org/2001/XMLSchema"" xmlns:xsi=""http://www.w3.org/2001/XMLSchema-instance"" xmlns=""http://stats.oecd.org/OECDStatWS/2004/03/01/""><DataTable Code=""IEA_EPT_FE"" HasMetadata=""true""><Name LocaleIsoCode=""en"">Consumer and Producer Price Indices, Exchange Rates and Purchasing Power Parities</Name><Name LocaleIsoCode=""fr"">Consumer and Producer Price Indices, Exchange Rates and Purchasing Power Parities</Name><Dimension Code=""LOCATION"" HasMetadata=""false"" Display=""labels""><Name LocaleIsoCode=""en"">Country</Name><Name LocaleIsoCode=""fr"">Country</Name><Member Code=""OECDT"" HasMetadata=""false"" HasOnlyUnitMetadata=""false"" HasChild=""0""><Name LocaleIsoCode=""en"">OECD Total</Name><Name LocaleIsoCode=""fr"">OECD Total</Name></Member><Member Code=""OECDE"" HasMetadata=""false"" HasOnlyUnitMetadata=""false"" HasChild=""0""><Name LocaleIsoCode=""en"">OECD Europe</Name><Name LocaleIsoCode=""fr"">OECD Europe</Name></Member><Member Code=""AUS"" HasMetadata=""false"" HasOnlyUnitMetadata=""false"" HasChild=""0""><Name LocaleIsoCode=""en"">Australia</Name><Name LocaleIsoCode=""fr"">Australia</Name></Member><Member Code=""AUT"" HasMetadata=""false"" HasOnlyUnitMetadata=""false"" HasChild=""0""><Name LocaleIsoCode=""en"">Austria</Name><Name LocaleIsoCode=""fr"">Austria</Name></Member><Member Code=""BEL"" HasMetadata=""false"" HasOnlyUnitMetadata=""false"" HasChild=""0""><Name LocaleIsoCode=""en"">Belgium</Name><Name LocaleIsoCode=""fr"">Belgium</Name></Member><Member Code=""CAN"" HasMetadata=""false"" HasOnlyUnitMetadata=""false"" HasChild=""0""><Name LocaleIsoCode=""en"">Canada</Name><Name LocaleIsoCode=""fr"">Canada</Name></Member><Member Code=""CHL"" HasMetadata=""false"" HasOnlyUnitMetadata=""false"" HasChild=""0""><Name LocaleIsoCode=""en"">Chile</Name><Name LocaleIsoCode=""fr"">Chile</Name></Member><Member Code=""COL"" HasMetadata=""false"" HasOnlyUnitMetadata=""false"" HasChild=""0""><Name LocaleIsoCode=""en"">Colombia</Name><Name LocaleIsoCode=""fr"">Colombia</Name></Member><Member Code=""CZE"" HasMetadata=""false"" HasOnlyUnitMetadata=""false"" HasChild=""0""><Name LocaleIsoCode=""en"">Czech Republic</Name><Name LocaleIsoCode=""fr"">Czech Republic</Name></Member><Member Code=""DNK"" HasMetadata=""false"" HasOnlyUnitMetadata=""false"" HasChild=""0""><Name LocaleIsoCode=""en"">Denmark</Name><Name LocaleIsoCode=""fr"">Denmark</Name></Member><Member Code=""EST"" HasMetadata=""false"" HasOnlyUnitMetadata=""false"" HasChild=""0""><Name LocaleIsoCode=""en"">Estonia</Name><Name LocaleIsoCode=""fr"">Estonia</Name></Member><Member Code=""FIN"" HasMetadata=""false"" HasOnlyUnitMetadata=""false"" HasChild=""0""><Name LocaleIsoCode=""en"">Finland</Name><Name LocaleIsoCode=""fr"">Finland</Name></Member><Member Code=""FRA"" HasMetadata=""false"" HasOnlyUnitMetadata=""false"" HasChild=""0""><Name LocaleIsoCode=""en"">France</Name><Name LocaleIsoCode=""fr"">France</Name></Member><Member Code=""DEU"" HasMetadata=""false"" HasOnlyUnitMetadata=""false"" HasChild=""0""><Name LocaleIsoCode=""en"">Germany</Name><Name LocaleIsoCode=""fr"">Germany</Name></Member><Member Code=""GRC"" HasMetadata=""false"" HasOnlyUnitMetadata=""false"" HasChild=""0""><Name LocaleIsoCode=""en"">Greece</Name><Name LocaleIsoCode=""fr"">Greece</Name></Member><Member Code=""HUN"" HasMetadata=""false"" HasOnlyUnitMetadata=""false"" HasChild=""0""><Name LocaleIsoCode=""en"">Hungary</Name><Name LocaleIsoCode=""fr"">Hungary</Name></Member><Member Code=""IRL"" HasMetadata=""false"" HasOnlyUnitMetadata=""false"" HasChild=""0""><Name LocaleIsoCode=""en"">Ireland</Name><Name LocaleIsoCode=""fr"">Ireland</Name></Member><Member Code=""ISR"" HasMetadata=""false"" HasOnlyUnitMetadata=""false"" HasChild=""0""><Name LocaleIsoCode=""en"">Israel</Name><Name LocaleIsoCode=""fr"">Israel</Name></Member><Member Code=""ITA"" HasMetadata=""false"" HasOnlyUnitMetadata=""false"" HasChild=""0""><Name LocaleIsoCode=""en"">Italy</Name><Name LocaleIsoCode=""fr"">Italy</Name></Member><Member Code=""JPN"" HasMetadata=""false"" HasOnlyUnitMetadata=""false"" HasChild=""0""><Name LocaleIsoCode=""en"">Japan</Name><Name LocaleIsoCode=""fr"">Japan</Name></Member><Member Code=""KOR"" HasMetadata=""false"" HasOnlyUnitMetadata=""false"" HasChild=""0""><Name LocaleIsoCode=""en"">Korea</Name><Name LocaleIsoCode=""fr"">Korea</Name></Member><Member Code=""LUX"" HasMetadata=""false"" HasOnlyUnitMetadata=""false"" HasChild=""0""><Name LocaleIsoCode=""en"">Luxembourg</Name><Name LocaleIsoCode=""fr"">Luxembourg</Name></Member><Member Code=""MEX"" HasMetadata=""false"" HasOnlyUnitMetadata=""false"" HasChild=""0""><Name LocaleIsoCode=""en"">Mexico</Name><Name LocaleIsoCode=""fr"">Mexico</Name></Member><Member Code=""NLD"" HasMetadata=""false"" HasOnlyUnitMetadata=""false"" HasChild=""0""><Name LocaleIsoCode=""en"">Netherlands</Name><Name LocaleIsoCode=""fr"">Netherlands</Name></Member><Member Code=""NZL"" HasMetadata=""false"" HasOnlyUnitMetadata=""false"" HasChild=""0""><Name LocaleIsoCode=""en"">New Zealand</Name><Name LocaleIsoCode=""fr"">New Zealand</Name></Member><Member Code=""NOR"" HasMetadata=""false"" HasOnlyUnitMetadata=""false"" HasChild=""0""><Name LocaleIsoCode=""en"">Norway</Name><Name LocaleIsoCode=""fr"">Norway</Name></Member><Member Code=""POL"" HasMetadata=""false"" HasOnlyUnitMetadata=""false"" HasChild=""0""><Name LocaleIsoCode=""en"">Poland</Name><Name LocaleIsoCode=""fr"">Poland</Name></Member><Member Code=""PRT"" HasMetadata=""false"" HasOnlyUnitMetadata=""false"" HasChild=""0""><Name LocaleIsoCode=""en"">Portugal</Name><Name LocaleIsoCode=""fr"">Portugal</Name></Member><Member Code=""SVK"" HasMetadata=""false"" HasOnlyUnitMetadata=""false"" HasChild=""0""><Name LocaleIsoCode=""en"">Slovak Republic</Name><Name LocaleIsoCode=""fr"">Slovak Republic</Name></Member><Member Code=""SVN"" HasMetadata=""false"" HasOnlyUnitMetadata=""false"" HasChild=""0""><Name LocaleIsoCode=""en"">Slovenia</Name><Name LocaleIsoCode=""fr"">Slovenia</Name></Member><Member Code=""ESP"" HasMetadata=""false"" HasOnlyUnitMetadata=""false"" HasChild=""0""><Name LocaleIsoCode=""en"">Spain</Name><Name LocaleIsoCode=""fr"">Spain</Name></Member><Member Code=""SWE"" HasMetadata=""false"" HasOnlyUnitMetadata=""false"" HasChild=""0""><Name LocaleIsoCode=""en"">Sweden</Name><Name LocaleIsoCode=""fr"">Sweden</Name></Member><Member Code=""CHE"" HasMetadata=""false"" HasOnlyUnitMetadata=""false"" HasChild=""0""><Name LocaleIsoCode=""en"">Switzerland</Name><Name LocaleIsoCode=""fr"">Switzerland</Name></Member><Member Code=""TUR"" HasMetadata=""false"" HasOnlyUnitMetadata=""false"" HasChild=""0""><Name LocaleIsoCode=""en"">Turkey</Name><Name LocaleIsoCode=""fr"">Turkey</Name></Member><Member Code=""GBR"" HasMetadata=""false"" HasOnlyUnitMetadata=""false"" HasChild=""0""><Name LocaleIsoCode=""en"">United Kingdom</Name><Name LocaleIsoCode=""fr"">United Kingdom</Name></Member><Member Code=""USA"" HasMetadata=""false"" HasOnlyUnitMetadata=""false"" HasChild=""0""><Name LocaleIsoCode=""en"">United States</Name><Name LocaleIsoCode=""fr"">United States</Name></Member><Member Code=""ISL"" HasMetadata=""false"" HasOnlyUnitMetadata=""false"" HasChild=""0""><Name LocaleIsoCode=""en"">Iceland</Name><Name LocaleIsoCode=""fr"">Iceland</Name></Member><Member Code=""LVA"" HasMetadata=""false"" HasOnlyUnitMetadata=""false"" HasChild=""0""><Name LocaleIsoCode=""en"">Latvia</Name><Name LocaleIsoCode=""fr"">Latvia</Name></Member><Member Code=""LTU"" HasMetadata=""false"" HasOnlyUnitMetadata=""false"" HasChild=""0""><Name LocaleIsoCode=""en"">Lithuania</Name><Name LocaleIsoCode=""fr"">Lithuania</Name></Member><Member Code=""EUROAREA"" HasMetadata=""false"" HasOnlyUnitMetadata=""false"" HasChild=""0""><Name LocaleIsoCode=""en"">Euro area</Name><Name LocaleIsoCode=""fr"">Euro area</Name></Member></Dimension><Dimension Code=""FLOW"" HasMetadata=""false"" Display=""labels""><Name LocaleIsoCode=""en"">Flow</Name><Name LocaleIsoCode=""fr"">Flow</Name><Member Code=""FEFLOW001"" HasMetadata=""false"" HasOnlyUnitMetadata=""false"" HasChild=""0""><Name LocaleIsoCode=""en"">US dollar exchange rate</Name><Name LocaleIsoCode=""fr"">US dollar exchange rate</Name></Member><Member Code=""FEFLOW002"" HasMetadata=""false"" HasOnlyUnitMetadata=""false"" HasChild=""0""><Name LocaleIsoCode=""en"">Purchasing power parities</Name><Name LocaleIsoCode=""fr"">Purchasing power parities</Name></Member><Member Code=""FEFLOW003"" HasMetadata=""false"" HasOnlyUnitMetadata=""false"" HasChild=""0""><Name LocaleIsoCode=""en"">Producer price index</Name><Name LocaleIsoCode=""fr"">Producer price index</Name></Member><Member Code=""FEFLOW004"" HasMetadata=""false"" HasOnlyUnitMetadata=""false"" HasChild=""0""><Name LocaleIsoCode=""en"">Consumer price index</Name><Name LocaleIsoCode=""fr"">Consumer price index</Name></Member><Member Code=""FEFLOW005"" HasMetadata=""false"" HasOnlyUnitMetadata=""false"" HasChild=""0""><Name LocaleIsoCode=""en"">CPI energy</Name><Name LocaleIsoCode=""fr"">CPI energy</Name></Member></Dimension><Dimension Code=""FREQUENCY"" HasMetadata=""false"" CommonCode=""FREQUENCY""><Name LocaleIsoCode=""en"">Frequency</Name><Name LocaleIsoCode=""fr"">Frequency</Name><Member Code=""A"" HasMetadata=""false""><Name LocaleIsoCode=""en"">Annual</Name><Name LocaleIsoCode=""fr"">Annuelle</Name></Member></Dimension><Dimension Code=""TIME"" HasMetadata=""false"" CommonCode=""TIME""><Name LocaleIsoCode=""en"">Time</Name><Name LocaleIsoCode=""fr"">Time</Name><Member Code=""1978"" HasMetadata=""false""><Name LocaleIsoCode=""en"">1978</Name><Name LocaleIsoCode=""fr"">1978</Name></Member><Member Code=""1979"" HasMetadata=""false""><Name LocaleIsoCode=""en"">1979</Name><Name LocaleIsoCode=""fr"">1979</Name></Member><Member Code=""1980"" HasMetadata=""false""><Name LocaleIsoCode=""en"">1980</Name><Name LocaleIsoCode=""fr"">1980</Name></Member><Member Code=""1981"" HasMetadata=""false""><Name LocaleIsoCode=""en"">1981</Name><Name LocaleIsoCode=""fr"">1981</Name></Member><Member Code=""1982"" HasMetadata=""false""><Name LocaleIsoCode=""en"">1982</Name><Name LocaleIsoCode=""fr"">1982</Name></Member><Member Code=""1983"" HasMetadata=""false""><Name LocaleIsoCode=""en"">1983</Name><Name LocaleIsoCode=""fr"">1983</Name></Member><Member Code=""1984"" HasMetadata=""false""><Name LocaleIsoCode=""en"">1984</Name><Name LocaleIsoCode=""fr"">1984</Name></Member><Member Code=""1985"" HasMetadata=""false""><Name LocaleIsoCode=""en"">1985</Name><Name LocaleIsoCode=""fr"">1985</Name></Member><Member Code=""1986"" HasMetadata=""false""><Name LocaleIsoCode=""en"">1986</Name><Name LocaleIsoCode=""fr"">1986</Name></Member><Member Code=""1987"" HasMetadata=""false""><Name LocaleIsoCode=""en"">1987</Name><Name LocaleIsoCode=""fr"">1987</Name></Member><Member Code=""1988"" HasMetadata=""false""><Name LocaleIsoCode=""en"">1988</Name><Name LocaleIsoCode=""fr"">1988</Name></Member><Member Code=""1989"" HasMetadata=""false""><Name LocaleIsoCode=""en"">1989</Name><Name LocaleIsoCode=""fr"">1989</Name></Member><Member Code=""1990"" HasMetadata=""false""><Name LocaleIsoCode=""en"">1990</Name><Name LocaleIsoCode=""fr"">1990</Name></Member><Member Code=""1991"" HasMetadata=""false""><Name LocaleIsoCode=""en"">1991</Name><Name LocaleIsoCode=""fr"">1991</Name></Member><Member Code=""1992"" HasMetadata=""false""><Name LocaleIsoCode=""en"">1992</Name><Name LocaleIsoCode=""fr"">1992</Name></Member><Member Code=""1993"" HasMetadata=""false""><Name LocaleIsoCode=""en"">1993</Name><Name LocaleIsoCode=""fr"">1993</Name></Member><Member Code=""1994"" HasMetadata=""false""><Name LocaleIsoCode=""en"">1994</Name><Name LocaleIsoCode=""fr"">1994</Name></Member><Member Code=""1995"" HasMetadata=""false""><Name LocaleIsoCode=""en"">1995</Name><Name LocaleIsoCode=""fr"">1995</Name></Member><Member Code=""1996"" HasMetadata=""false""><Name LocaleIsoCode=""en"">1996</Name><Name LocaleIsoCode=""fr"">1996</Name></Member><Member Code=""1997"" HasMetadata=""false""><Name LocaleIsoCode=""en"">1997</Name><Name LocaleIsoCode=""fr"">1997</Name></Member><Member Code=""1998"" HasMetadata=""false""><Name LocaleIsoCode=""en"">1998</Name><Name LocaleIsoCode=""fr"">1998</Name></Member><Member Code=""1999"" HasMetadata=""false""><Name LocaleIsoCode=""en"">1999</Name><Name LocaleIsoCode=""fr"">1999</Name></Member><Member Code=""2000"" HasMetadata=""false""><Name LocaleIsoCode=""en"">2000</Name><Name LocaleIsoCode=""fr"">2000</Name></Member><Member Code=""2001"" HasMetadata=""false""><Name LocaleIsoCode=""en"">2001</Name><Name LocaleIsoCode=""fr"">2001</Name></Member><Member Code=""2002"" HasMetadata=""false""><Name LocaleIsoCode=""en"">2002</Name><Name LocaleIsoCode=""fr"">2002</Name></Member><Member Code=""2003"" HasMetadata=""false""><Name LocaleIsoCode=""en"">2003</Name><Name LocaleIsoCode=""fr"">2003</Name></Member><Member Code=""2004"" HasMetadata=""false""><Name LocaleIsoCode=""en"">2004</Name><Name LocaleIsoCode=""fr"">2004</Name></Member><Member Code=""2005"" HasMetadata=""false""><Name LocaleIsoCode=""en"">2005</Name><Name LocaleIsoCode=""fr"">2005</Name></Member><Member Code=""2006"" HasMetadata=""false""><Name LocaleIsoCode=""en"">2006</Name><Name LocaleIsoCode=""fr"">2006</Name></Member><Member Code=""2007"" HasMetadata=""false""><Name LocaleIsoCode=""en"">2007</Name><Name LocaleIsoCode=""fr"">2007</Name></Member><Member Code=""2008"" HasMetadata=""false""><Name LocaleIsoCode=""en"">2008</Name><Name LocaleIsoCode=""fr"">2008</Name></Member><Member Code=""2009"" HasMetadata=""false""><Name LocaleIsoCode=""en"">2009</Name><Name LocaleIsoCode=""fr"">2009</Name></Member><Member Code=""2010"" HasMetadata=""false""><Name LocaleIsoCode=""en"">2010</Name><Name LocaleIsoCode=""fr"">2010</Name></Member><Member Code=""2011"" HasMetadata=""false""><Name LocaleIsoCode=""en"">2011</Name><Name LocaleIsoCode=""fr"">2011</Name></Member><Member Code=""2012"" HasMetadata=""false""><Name LocaleIsoCode=""en"">2012</Name><Name LocaleIsoCode=""fr"">2012</Name></Member><Member Code=""2013"" HasMetadata=""false""><Name LocaleIsoCode=""en"">2013</Name><Name LocaleIsoCode=""fr"">2013</Name></Member><Member Code=""2014"" HasMetadata=""false""><Name LocaleIsoCode=""en"">2014</Name><Name LocaleIsoCode=""fr"">2014</Name></Member><Member Code=""2015"" HasMetadata=""false""><Name LocaleIsoCode=""en"">2015</Name><Name LocaleIsoCode=""fr"">2015</Name></Member><Member Code=""2016"" HasMetadata=""false""><Name LocaleIsoCode=""en"">2016</Name><Name LocaleIsoCode=""fr"">2016</Name></Member><Member Code=""2017"" HasMetadata=""false""><Name LocaleIsoCode=""en"">2017</Name><Name LocaleIsoCode=""fr"">2017</Name></Member><Member Code=""2018"" HasMetadata=""false""><Name LocaleIsoCode=""en"">2018</Name><Name LocaleIsoCode=""fr"">2018</Name></Member><Member Code=""2019"" HasMetadata=""false""><Name LocaleIsoCode=""en"">2019</Name><Name LocaleIsoCode=""fr"">2019</Name></Member><Member Code=""2020"" HasMetadata=""false""><Name LocaleIsoCode=""en"">2020</Name><Name LocaleIsoCode=""fr"">2020</Name></Member><Member Code=""2021"" HasMetadata=""false""><Name LocaleIsoCode=""en"">2021</Name><Name LocaleIsoCode=""fr"">2021</Name></Member></Dimension><WBOSInformations><TimeDimension WebTreeWasUsed=""false""><StartCodes Annual=""1978"" /></TimeDimension></WBOSInformations><Tabulation Axis=""horizontal""><Dimension Code=""FLOW"" /></Tabulation><Tabulation Axis=""vertical""><Dimension Code=""LOCATION"" /><Dimension Code=""TIME"" /></Tabulation><Tabulation Axis=""page""><Dimension Code=""FREQUENCY"" /></Tabulation><Formatting><Labels LocaleIsoCode=""en"" /><Power>0</Power><Decimals>-1</Decimals><SkipEmptyLines>true</SkipEmptyLines><SkipEmptyCols>false</SkipEmptyCols><SkipLineHierarchy>false</SkipLineHierarchy><SkipColHierarchy>false</SkipColHierarchy><Page>1</Page></Formatting></DataTable><Format><ShowEmptyAxes>true</ShowEmptyAxes><Page>1</Page><EnableSort>true</EnableSort><IncludeFlagColumn>false</IncludeFlagColumn><IncludeTimeSeriesId>false</IncludeTimeSeriesId><DoBarChart>false</DoBarChart><FreezePanes>true</FreezePanes><MaxBarChartLen>65</MaxBarChartLen></Format><Query><AbsoluteUri>http://stats2.digitalresources.jisc.ac.uk//View.aspx?QueryId=&amp;QueryType=Public&amp;Lang=en</AbsoluteUri></Query></WebTableParameter>",,,,,
Country,Time,US dollar exchange rate,Purchasing power parities,Producer price index,Consumer price index,CPI energy
OECD Total,1978,,,,14.58,10.47
,1979,,,,16.22,12.56
,1980,,,,18.62,16.13
,1981,,,,20.85,18.8
,1982,,,30.04,23.08,21.05
,1983,,,32.6,25.51,24.16
,1984,,,35.15,27.78,25.8
,1985,,,37.16,29.9,27.34
,1986,,,38.04,31.94,26.16
,1987,,,40.76,34.85,27.42
,1988,,,44.49,38.28,29.18
,1989,,,47.29,40.73,30.87
,1990,,,49.64,43.61,33.8
,1991,,,51.42,46.51,35.88
,1992,,,52.92,48.99,37.36
,1993,,,54.38,51.27,38.74
,1994,,,56.75,53.69,40.23
,1995,,,61.01,56.95,42.08
,1996,,,63.76,60.27,45.06
,1997,,,66.06,63.23,47.57
,1998,,,67.71,65.97,47.11
,1999,,,69.45,68.41,49.57
,2000,,,73.11,71.19,56.98
,2001,,,74.59,73.8,59.72
,2002,,,75.27,75.85,59.16
,2003,,,76.67,77.74,63.55
,2004,,,79.52,79.61,68.15
,2005,,,82.68,81.71,76.26
,2006,,,85.75,83.9,83.3
,2007,,,88.47,86.03,86.68
,2008,,,94.5,89.25,97.4
,2009,,,90.74,89.75,87.22
,2010,,,94.02,91.37,94.03
,2011,,,99.97,93.97,105.41
,2012,,,101.68,96.08,109.74
,2013,,,101.99,97.62,111.08
,2014,,,102.82,99.32,111.64
,2015,,,100,100,100
,2016,,,99.04,101.2,94.96
,2017,,,102.96,103.51,101.4
,2018,,,107.48,106.21,109.07
,2019,,,108.82,108.4,109.34
,2020,,,107.88,109.88,102.28
OECD Europe,1978,,,,11.64,7.97
,1979,,,,13.09,9.49
,1980,,,,15.25,12.02
,1981,,,,17.27,14.6
,1982,,,23.17,19.22,16.44
,1983,,,25.06,21.01,18.08
,1984,,,27.44,22.9,19.68
,1985,,,29.43,24.74,21.26
,1986,,,29.83,26.04,19.95
,1987,,,30.74,27.36,19.74
,1988,,,33.16,29.19,20.43
,1989,,,36.02,31.42,22.07
,1990,,,38.01,33.95,24.52
,1991,,,40.09,36.81,27.1
,1992,,,42.1,39.76,28.73
,1993,,,44.22,42.57,30.61
,1994,,,48.37,46.05,33.27
,1995,,,53.46,49.91,35.64
,1996,,,56.52,53.54,38.73
,1997,,,60.08,57.23,41.87
,1998,,,62.92,61.08,43.06
,1999,,,65.29,64.26,46.02
,2000,,,70.26,67.76,53.16
,2001,,,73.36,71.34,56.51
,2002,,,75.65,74.6,58.14
,2003,,,77.07,76.79,60.53
,2004,,,79.68,78.61,63.39
,2005,,,82.57,80.47,69.7
,2006,,,85.73,82.5,75.8
,2007,,,88.61,84.67,78.21
,2008,,,93.92,87.93,87.78
,2009,,,90.02,88.91,83.25
,2010,,,93.24,90.84,89.5
,2011,,,99.15,93.63,99.57
,2012,,,101.32,96.29,107.03
,2013,,,101.72,98.05,108.31
,2014,,,101.87,99.27,106.77
,2015,,,100,100,100
,2016,,,99.51,101.01,96.62
,2017,,,104,103.51,101.71
,2018,,,109.1,106.64,109.36
,2019,,,111.73,109.43,111.97
,2020,,,111.2,111.25,106.16
Australia,1978,0.873,0.963399,22.45,20.36,12.07
,1979,0.895,0.976206,25.76,22.22,15.36
,1980,0.877,0.983374,29.39,24.47,18.36
,1981,0.869,0.986999,31.87,26.79,21.22
,1982,0.986,1.041834,34.75,29.84,23.98
,1983,1.109,1.088037,37.52,32.83,27.06
,1984,1.141,1.111997,39.56,34.13,29.08
,1985,1.432,1.139238,42.18,36.43,31.82
,1986,1.496,1.192902,44.51,39.73,32.17
,1987,1.429,1.243812,47.78,43.12,33.98
,1988,1.281,1.301665,51.29,46.23,33.97
,1989,1.265,1.350717,54.75,49.71,35.4
,1990,1.282,1.365519,58.06,53.36,40.51
,1991,1.284,1.348412,58.83,55.05,41.01
,1992,1.362,1.32855,59.79,55.61,42.14
,1993,1.473,1.312794,60.92,56.58,42.78
,1994,1.369,1.301014,61.43,57.7,42.91
,1995,1.35,1.310865,63.69,60.37,44.16
,1996,1.277,1.312182,64.19,61.95,45.02
,1997,1.348,1.308112,65.01,62.08,45.81
,1998,1.592,1.3003,65.44,62.62,44.23
,1999,1.55,1.29695,65.85,63.55,45
,2000,1.727,1.311473,70.56,66.38,52.34
,2001,1.935,1.326806,72.75,69.31,53.67
,2002,1.841,1.33649,72.87,71.37,54.17
,2003,1.542,1.353924,73.25,73.32,56.91
,2004,1.359,1.366397,76.14,75.04,60.47
,2005,1.313,1.388356,80.7,77.06,66.35
,2006,1.328,1.404001,87.09,79.8,72.5
,2007,1.195,1.427582,89.11,81.66,73.52
,2008,1.198,1.479073,96.52,85.21,82.7
,2009,1.282,1.441497,91.28,86.72,77.55
,2010,1.09,1.502766,93.01,89.25,84.18
,2011,0.969,1.511052,96.15,92.2,93.43
,2012,0.966,1.540115,95.7,93.82,100.27
,2013,1.036,1.447123,96.73,96.12,106.61
,2014,1.109,1.452489,99.74,98.51,107.87
,2015,1.331,1.473691,100,100,100
,2016,1.345,1.450156,99.42,101.28,96.7
,2017,1.305,1.477553,102.6,103.25,105.82
,2018,1.339,1.472427,107.91,105.22,115.36
,2019,1.439,1.474643,111.58,106.92,113.96
,2020,1.454,1.471741,112.64,107.82,105.42
Austria,1978,1.056,1.045289,59.86,38.12,35.47
,1979,0.972,1.004922,62.38,39.53,37.85
,1980,0.94,0.973102,67.74,42.03,44.96
,1981,1.157,0.948695,73.18,44.89,53.85
,1982,1.24,0.941342,75.52,47.33,57.35
,1983,1.306,0.93732,75.98,48.91,56.43
,1984,1.454,0.949461,78.82,51.68,60.53
,1985,1.503,0.947626,80.87,53.33,62.83
,1986,1.11,0.956331,76.68,54.24,55.5
,1987,0.919,0.955999,75.13,55,52.74
,1988,0.897,0.937525,74.97,56.06,51.31
,1989,0.962,0.928904,76.28,57.5,52.5
,1990,0.826,0.922246,78.48,59.37,54.71
,1991,0.848,0.924566,79.15,61.35,54.72
,1992,0.799,0.935415,78.95,63.82,56.37
,1993,0.845,0.938959,78.63,66.14,55.99
,1994,0.83,0.94254,79.68,68.09,56.78
,1995,0.733,0.939929,79.94,69.62,58.89
,1996,0.769,0.936118,79.97,70.91,62.65
,1997,0.886,0.931829,80.26,71.84,64.52
,1998,0.899,0.922801,79.83,72.5,62.41
,1999,0.939,0.923906,79.16,72.92,62.67
,2000,1.085,0.907226,81.84,74.63,69.37
,2001,1.117,0.922769,81.87,76.6,69.74
,2002,1.061,0.899797,80.72,77.99,68.08
,2003,0.885,0.889084,80.95,79.05,68.73
,2004,0.805,0.878806,82.75,80.68,73.13
,2005,0.805,0.881939,85.79,82.53,80.27
,2006,0.797,0.861176,87.3,83.72,85.28
,2007,0.73,0.869233,90.3,85.54,88.83
,2008,0.684,0.854424,93.39,88.29,97.97
,2009,0.72,0.843111,91.37,88.73,88.67
,2010,0.755,0.841548,95.36,90.34,95.4
,2011,0.719,0.831374,100.17,93.31,105.83
,2012,0.778,0.813648,101.7,95.63,110.99
,2013,0.753,0.797081,101.81,97.55,110.1
,2014,0.754,0.798797,101.39,99.11,107.87
,2015,0.901,0.798813,100,100,100
,2016,0.904,0.776931,98.73,100.89,95.57
,2017,0.887,0.775009,101.69,102.99,97.98
,2018,0.847,0.764069,104.54,105.05,103.14
,2019,0.893,0.763387,104.9,106.66,104.07
,2020,0.878,0.764401,103.46,108.13,98.33
Belgium,1978,0.781,0.98704,44.45,35.2,26.77
,1979,0.727,0.952485,46.43,36.78,31.35
,1980,0.725,0.909315,49.49,39.22,40.01
,1981,0.921,0.873403,54.62,42.21,48.4
,1982,1.133,0.884855,61.35,45.9,55.59
,1983,1.267,0.899298,64.39,49.41,57.53
,1984,1.432,0.91519,68.39,52.55,60.8
,1985,1.473,0.92819,70.49,55.11,64.08
,1986,1.108,0.935313,63.84,55.82,51.86
,1987,0.926,0.928117,61.97,56.69,48.1
,1988,0.912,0.915938,62.95,57.34,46.42
,1989,0.977,0.923669,67.16,59.13,49.22
,1990,0.829,0.915381,67.16,61.16,52.34
,1991,0.847,0.910908,66.51,63.13,53.63
,1992,0.797,0.921111,66.5,64.66,52.98
,1993,0.856,0.935723,65.46,66.44,54.83
,1994,0.829,0.935347,66.54,68.02,55.25
,1995,0.731,0.927321,68.11,69.02,54.91
,1996,0.768,0.929897,68.61,70.46,58
,1997,0.886,0.927803,69.9,71.6,60.16
,1998,0.9,0.935637,68.86,72.28,57.6
,1999,0.939,0.931348,68.91,73.09,58.73
,2000,1.085,0.899723,75.63,74.95,67.2
,2001,1.117,0.892244,73.73,76.8,67.6
,2002,1.061,0.8733,73.61,78.07,65.49
,2003,0.885,0.877016,72.55,79.31,65.4
,2004,0.805,0.889063,78.01,80.97,69.69
,2005,0.805,0.891788,82.98,83.22,77.7
,2006,0.797,0.87544,87.97,84.71,83.72
,2007,0.73,0.880041,90.83,86.26,83.84
,2008,0.684,0.86694,96.01,90.13,101
,2009,0.72,0.849484,92.02,90.08,86.99
,2010,0.755,0.835934,98.91,92.06,94.87
,2011,0.719,0.831911,107.23,95.31,110.89
,2012,0.778,0.822137,110.88,98.01,117.7
,2013,0.753,0.806166,109.76,99.1,113.21
,2014,0.754,0.800214,106.93,99.44,106.2
,2015,0.901,0.799998,100.02,100,100
,2016,0.904,0.781011,98.23,101.97,100.73
,2017,0.887,0.775634,106.18,104.14,109.02
,2018,0.847,0.765017,111.01,106.28,116.71
,2019,0.893,0.757838,111.65,107.81,117.73
,2020,0.878,0.75128,107.85,108.61,110.28
Canada,1978,1.141,1.099866,34.34,28.94,18.9
,1979,1.171,1.117303,39.34,31.59,20.74
,1980,1.169,1.12581,44.6,34.79,24.06
,1981,1.199,1.134429,49.13,39.13,31.3
,1982,1.233,1.162983,52.41,43.34,37.49
,1983,1.232,1.183882,54.24,45.88,40.41
,1984,1.295,1.183059,56.7,47.86,42.63
,1985,1.366,1.18508,58.26,49.76,45.01
,1986,1.389,1.197798,58.76,51.84,41.8
,1987,1.326,1.224895,60.4,54.1,42.88
,1988,1.231,1.236884,63,56.28,43.14
,1989,1.184,1.246188,64.29,59.09,44.62
,1990,1.167,1.241965,64.49,61.91,49.08
,1991,1.146,1.237998,63.82,65.39,51.49
,1992,1.209,1.228098,64.11,66.37,51.63
,1993,1.29,1.215102,66.44,67.61,52.27
,1994,1.366,1.20701,70.46,67.72,52.56
,1995,1.372,1.208841,75.7,69.17,53.25
,1996,1.364,1.207821,76.03,70.26,54.8
,1997,1.385,1.200974,76.57,71.4,56.11
,1998,1.483,1.185448,76.85,72.11,53.84
,1999,1.486,1.19081,78.21,73.36,56.89
,2000,1.485,1.227563,81.59,75.36,66.12
,2001,1.548,1.221139,82.34,77.26,68.26
,2002,1.57,1.229333,82.39,79,66.91
,2003,1.4,1.226338,81.4,81.18,72.19
,2004,1.301,1.233195,84,82.69,77.07
,2005,1.212,1.213644,85.38,84.52,84.52
,2006,1.134,1.205778,87.3,86.21,88.88
,2007,1.074,1.212706,88.66,88.06,90.95
,2008,1.068,1.23439,92.51,90.14,99.88
,2009,1.141,1.201369,89.29,90.41,86.44
,2010,1.03,1.221371,90.62,92.02,92.18
,2011,0.989,1.239904,96.91,94.7,103.48
,2012,0.999,1.244607,97.97,96.14,105.23
,2013,1.03,1.224,98.39,97.04,106.81
,2014,1.105,1.230358,100.82,98.89,110.58
,2015,1.278,1.248042,100,100,100
,2016,1.325,1.207045,99.78,101.43,97.04
,2017,1.298,1.212304,102.89,103.05,102.17
,2018,1.296,1.198165,106.86,105.39,109.02
,2019,1.327,1.213289,106.74,107.44,106.61
,2020,1.341,1.206376,106.28,108.21,98.5
Chile,1978,31.656,,,2.21,
,1979,37.246,,,2.95,
,1980,39,42.715902,,3.99,
,1981,39,44.164623,,4.77,
,1982,50.908,45.131651,,5.24,
,1983,78.788,56.729352,,6.67,
,1984,98.478,61.694365,,8,
,1985,160.86,78.141349,,10.45,
,1986,192.93,93.523689,,12.49,
,1987,219.407,113.700878,,14.97,
,1988,245.012,133.388996,,17.17,
,1989,266.953,144.265354,,20.1,
,1990,304.903,168.599469,,25.33,
,1991,349.216,197.688509,,30.85,
,1992,362.576,216.035682,,35.61,
,1993,404.166,233.489517,,40.14,
,1994,420.177,257.4139,,44.73,
,1995,396.813,275.634032,,48.42,
,1996,412.288,275.297281,,51.98,
,1997,419.3,278.916342,,55.17,
,1998,460.252,278.687425,,57.99,
,1999,508.76,280.983094,,59.92,36.96
,2000,539.388,286.579744,,62.22,45.09
,2001,634.837,291.255853,,64.44,51.82
,2002,689.004,296.446431,,66.05,52.77
,2003,691.299,304.367804,,67.9,59.05
,2004,609.582,319.653393,60.98,68.62,62.96
,2005,559.705,333.69,62.75,70.72,69.33
,2006,530.278,318.574722,65.91,73.11,75
,2007,522.228,323.878962,69.86,76.34,81.34
,2008,523.542,340.400833,80.97,82.99,93.48
,2009,558.942,354.325885,78.3,83.28,81.74
,2010,509.982,359.83702,82.6,84.46,87.52
,2011,483.421,348.016847,86.42,87.28,98.63
,2012,485.984,347.228507,86.64,89.91,98.16
,2013,495.282,349.680536,88.92,91.51,98.54
,2014,570.636,367.213907,96.55,95.83,104.69
,2015,654.322,391.178861,100,100,100
,2016,676.541,397.250703,100.03,103.79,101.77
,2017,648.677,397.689401,102.74,106.05,105.83
,2018,641.896,411.822718,107.17,108.63,112.04
,2019,703.308,398.922802,107.67,111.41,114.54
,2020,791.715,418.432299,110.18,114.81,115.65
Colombia,1978,39.095,19.753489,,0.61,
,1979,42.55,22.783081,,0.75,
,1980,47.28,26.842747,,0.96,
,1981,54.491,30.319032,,1.22,
,1982,64.085,35.876317,,1.52,
,1983,78.854,41.854905,,1.82,
,1984,100.817,49.705013,,2.11,
,1985,142.312,60.599062,,2.62,
,1986,194.261,77.296983,,3.11,
,1987,242.608,93.719844,,3.84,
,1988,299.174,116.417231,,4.92,
,1989,382.568,140.635534,,6.19,
,1990,502.259,137.18374,,7.99,
,1991,633.045,168.493739,,10.42,
,1992,759.282,203.594148,,13.24,
,1993,863.065,248.241907,,16.21,
,1994,844.836,308.046318,,19.91,
,1995,912.826,367.803376,,24.07,11.84
,1996,1036.686,432.409857,,29.08,15.48
,1997,1140.963,507.564396,,34.45,18.98
,1998,1426.037,587.88726,,40.88,22.34
,1999,1756.231,666.799508,,45.33,26.68
,2000,2087.904,742.410525,52.9,49.51,33.87
,2001,2299.633,779.346527,57.35,53.45,39.82
,2002,2504.241,819.000018,60.02,56.85,42.11
,2003,2877.652,879.164212,65.22,60.9,49.49
,2004,2628.613,923.162335,68.98,64.5,55.38
,2005,2320.834,961.4875,71.4,67.75,60.11
,2006,2361.139,987.445252,74.81,70.66,63.95
,2007,2078.292,1011.636827,76.19,74.58,67.97
,2008,1967.711,1068.519965,81.05,79.8,76.06
,2009,2158.256,1103.534382,85.04,83.15,79.33
,2010,1898.57,1132.327837,86.69,85.04,83.77
,2011,1848.139,1179.998238,92.24,87.95,90.52
,2012,1796.896,1215.696024,92.9,90.73,94.61
,2013,1868.785,1218.821028,92.15,92.56,94.34
,2014,2001.781,1232.8894,94.34,95.25,97.63
,2015,2741.881,1289.323671,100,100,100
,2016,3054.122,1298.142605,105.93,107.51,106.96
,2017,2951.327,1328.016627,107.3,112.15,112.6
,2018,2955.704,1338.006136,109.6,115.78,119.86
,2019,3280.832,1349.411552,114.37,119.87,126.69
,2020,3694.854,1352.785587,118.18,122.89,125.26
Czech Republic,1978,14.4,,24.63,,
,1979,14.11,,24.63,,
,1980,14.27,,24.63,,
,1981,13.25,,25.69,,
,1982,13.71,,27.61,,
,1983,14.16,,27.86,,
,1984,16.61,,30.15,,
,1985,17.14,,30.69,,
,1986,14.99,,30.69,,
,1987,13.69,,30.71,,
,1988,14.36,,30.64,,
,1989,15.05,,29.81,,
,1990,17.95,5.539975,31.22,,
,1991,29.474,7.298217,51.91,32.45,
,1992,28.264,8.017368,55.98,36.05,
,1993,29.154,9.47718,61.21,43.55,
,1994,28.785,10.424254,64.42,47.92,
,1995,26.54,11.179863,69.81,52.23,36.47
,1996,27.149,12.101799,73.34,56.81,39.1
,1997,31.705,12.907649,76.88,61.69,43.86
,1998,32.281,13.987701,80.45,68.29,51.03
,1999,34.588,14.22935,80.51,69.75,54.28
,2000,38.637,14.326189,85.07,72.38,63.22
,2001,38.028,14.320106,87.11,75.76,63.32
,2002,32.733,14.458321,85.98,77.2,63.5
,2003,28.208,14.19064,85.6,77.29,63.28
,2004,25.695,14.438093,90.51,79.43,65.74
,2005,23.955,14.562493,92.25,80.9,70.03
,2006,22.585,14.433858,92.83,82.95,76.38
,2007,20.289,14.276106,96.13,85.32,79.2
,2008,17.078,13.916713,99.12,90.74,87.28
,2009,19.05,13.628403,93.62,91.67,88.59
,2010,19.08,13.661572,95.02,93.02,92.63
,2011,17.672,13.345305,100.48,94.8,99.25
,2012,19.538,13.297699,102.8,97.92,106.36
,2013,19.56,12.785271,102.99,99.33,107.09
,2014,20.758,12.70321,104.05,99.67,103.16
,2015,24.593,12.93798,99.96,99.98,100.02
,2016,24.441,12.576343,96.88,100.66,97.46
,2017,23.385,12.424986,99.1,103.13,98.43
,2018,21.73,12.37195,100.92,105.34,101.53
,2019,22.931,12.526003,102.39,108.34,106.66
,2020,23.212,12.658097,101.01,111.77,105.21
Denmark,1978,5.511,8.041267,34.96,28.24,16.74
,1979,5.261,7.950082,37.66,30.96,22.34
,1980,5.636,7.933859,42.71,34.77,31.31
,1981,7.12,8.023139,47.39,38.86,39.4
,1982,8.333,8.322845,53.02,42.79,44.23
,1983,9.145,8.600688,55.79,45.75,44.52
,1984,10.355,8.795905,59.58,48.63,44.62
,1985,10.595,8.892125,62.07,50.9,45.89
,1986,8.089,8.918422,60.17,52.77,47.37
,1987,6.838,9.117047,60.62,54.89,49.85
,1988,6.73,9.153782,63.07,57.38,50.09
,1989,7.31,9.245826,66.62,60.12,53.35
,1990,6.186,9.144147,67.93,61.71,53.49
,1991,6.393,9.080259,68.65,63.19,53.63
,1992,6.038,9.02495,68.43,64.51,52.75
,1993,6.482,8.867198,67.46,65.32,52.3
,1994,6.36,8.817723,67.86,66.63,52.32
,1995,5.604,8.747383,69.93,68.01,53.27
,1996,5.798,8.728955,71.16,69.46,56.76
,1997,6.604,8.702545,72.33,70.98,58.5
,1998,6.699,8.662036,71.98,72.29,59.11
,1999,6.98,8.752578,72.26,74.09,63.21
,2000,8.088,8.667529,75.67,76.24,70.74
,2001,8.321,8.690645,77.86,78.03,71.78
,2002,7.884,8.561606,78.61,79.92,73.29
,2003,6.577,8.656778,78.64,81.58,73.93
,2004,5.988,8.466842,79.41,82.52,75.76
,2005,5.996,8.569438,81.85,84.02,81.51
,2006,5.943,8.298208,84.51,85.63,85.89
,2007,5.443,8.172364,87.3,87.08,85.94
,2008,5.099,7.944128,91.15,90.06,92.52
,2009,5.359,7.725447,89.74,91.23,88.27
,2010,5.622,7.585045,93.03,93.34,96.25
,2011,5.357,7.466492,96.46,95.92,105.03
,2012,5.79,7.564136,98.83,98.22,108.62
,2013,5.618,7.354846,99.42,98.99,107.57
,2014,5.619,7.328674,99.41,99.55,107.29
,2015,6.725,7.305357,100.01,100,100
,2016,6.731,7.079856,99.99,100.25,96.52
,2017,6.602,6.871679,101.36,101.4,97.85
,2018,6.314,6.7691,102.56,102.23,100.75
,2019,6.669,6.655992,103.05,103,100.46
,2020,6.542,6.597435,102.85,103.43,95.07
Estonia,1980,,0.004532,,,
,1981,,0.004242,,,
,1982,,0.003872,,,
,1983,,0.003852,,,
,1984,,0.003702,,,
,1985,,0.003392,,,
,1986,,0.003422,,,
,1987,,0.003382,,,
,1988,,0.003362,,,
,1989,,0.003502,,,
,1990,,0.004513,,,
,1991,,0.010156,,,
,1992,,0.096774,,,
,1993,0.845,0.175009,,,
,1994,0.83,0.239324,,,
,1995,0.733,0.30815,,,
,1996,0.769,0.378136,,,
,1997,0.887,0.409637,68.13,,
,1998,0.9,0.435437,70.12,55.48,32.63
,1999,0.938,0.462332,68.36,57.31,36.12
,2000,1.084,0.468716,72.54,59.61,39.01
,2001,1.117,0.487802,75.09,63.04,42
,2002,1.062,0.486245,74.28,65.29,44.77
,2003,0.886,0.486274,74.11,66.16,45.84
,2004,0.805,0.494059,76.22,68.18,49.6
,2005,0.804,0.503328,78.14,70.96,56.3
,2006,0.797,0.521489,81.73,74.11,60.9
,2007,0.731,0.551852,88.55,79,65.67
,2008,0.684,0.545055,93.76,87.19,80.92
,2009,0.719,0.516739,91.55,87.12,78.89
,2010,0.755,0.511706,94.9,89.71,88.61
,2011,0.719,0.5116,99.45,94.18,95.87
,2012,0.778,0.521063,101.41,97.88,106
,2013,0.753,0.522424,102.65,100.6,112.05
,2014,0.754,0.52689,101.95,100.49,107.56
,2015,0.901,0.53758,100,100,100
,2016,0.904,0.527849,99.92,100.15,96.03
,2017,0.887,0.534908,103.89,103.57,101.4
,2018,0.847,0.540106,105.16,107.13,110.84
,2019,0.893,0.545773,104.5,109.57,112.96
,2020,0.878,0.531582,102.79,109.08,104.83
Finland,1978,0.691,0.76188,36.56,28.91,22.05
,1979,0.654,0.761939,39.96,31.07,23.7
,1980,0.626,0.766149,45.72,34.67,29.24
,1981,0.724,0.781349,51.13,38.59,34.59
,1982,0.809,0.802495,55.05,42.29,37.38
,1983,0.936,0.835498,58.6,45.83,38.72
,1984,1.01,0.874486,62.66,49.06,38.48
,1985,1.042,0.891898,65.09,51.61,39.28
,1986,0.853,0.915821,62.75,53.13,36.83
,1987,0.739,0.932012,63.59,55.31,38.27
,1988,0.704,0.969424,66.73,58.13,37.77
,1989,0.721,0.993769,71.15,61.96,39.36
,1990,0.643,1.007679,72.46,65.77,43.13
,1991,0.68,0.989452,72.22,68.6,44.34
,1992,0.754,0.975994,73.94,70.61,45.92
,1993,0.962,0.970241,76.5,72.15,51.04
,1994,0.878,0.967486,77.67,72.94,49.97
,1995,0.734,0.987427,79.1,73.51,50.29
,1996,0.772,0.994102,77.57,73.98,55.44
,1997,0.872,0.989515,78.45,74.86,56.4
,1998,0.899,0.991565,77.06,75.91,55.68
,1999,0.939,0.992037,76.63,76.79,57.78
,2000,1.085,0.983695,82.26,79.13,65.03
,2001,1.117,1.002505,81.38,81.17,63.88
,2002,1.061,0.998133,79.83,82.44,63.3
,2003,0.885,1.003035,78.62,83.16,66.35
,2004,0.805,0.974018,78.45,83.32,68.86
,2005,0.805,0.979424,81.43,83.84,73.54
,2006,0.797,0.95414,85.52,85.15,77.85
,2007,0.73,0.935952,89.51,87.29,79.23
,2008,0.684,0.912125,95.97,90.84,89.91
,2009,0.72,0.895842,89.55,90.84,82.45
,2010,0.755,0.899789,94.19,91.92,91.23
,2011,0.719,0.898068,100.08,95.06,104.54
,2012,0.778,0.908495,102.72,97.73,108.81
,2013,0.753,0.905357,102.97,99.17,108.24
,2014,0.754,0.90721,102.43,100.2,106.36
,2015,0.901,0.907748,100,100,100
,2016,0.904,0.880895,97.76,100.35,96.28
,2017,0.887,0.863657,100.32,101.11,101.76
,2018,0.847,0.851582,103.78,102.2,106.36
,2019,0.893,0.843984,104.34,103.25,109.53
,2020,0.878,0.840403,100.63,103.55,104.17
France,1978,0.688,0.812451,39.8,29.18,22.67
,1979,0.649,0.827558,45.12,32.29,26.29
,1980,0.644,0.847701,49.19,36.67,33.11
,1981,0.828,0.864969,54.59,41.55,39.49
,1982,1.002,0.913167,61.07,46.53,45.63
,1983,1.162,0.963551,66.54,50.93,49.9
,1984,1.332,0.995727,72.43,54.84,53.9
,1985,1.37,1.017843,75.91,58.04,58.33
,1986,1.056,1.048187,75.21,59.51,50.96
,1987,0.916,1.048017,75.13,61.47,49.35
,1988,0.908,1.044636,78.57,63.13,48.87
,1989,0.973,1.038252,82.45,65.34,51.22
,1990,0.83,1.027381,81.78,67.43,53.6
,1991,0.86,1.019087,80.78,69.59,54.79
,1992,0.807,1.015979,79.9,71.24,54.17
,1993,0.863,1.008578,78.11,72.74,55.28
,1994,0.846,0.996625,79.09,73.94,56.15
,1995,0.761,0.987135,82.68,75.27,57.31
,1996,0.78,0.983624,82.2,76.76,60.12
,1997,0.89,0.969551,81.88,77.69,61.39
,1998,0.899,0.961614,81.04,78.19,59.53
,1999,0.939,0.952721,81.11,78.61,59.9
,2000,1.085,0.929965,85.17,79.93,67.56
,2001,1.117,0.911554,86.39,81.24,66.39
,2002,1.061,0.900678,86.3,82.8,65.12
,2003,0.885,0.930853,86.94,84.54,66.61
,2004,0.805,0.935902,88.74,86.35,69.92
,2005,0.805,0.916458,91.17,87.85,77.14
,2006,0.797,0.895886,94.15,89.33,82.04
,2007,0.73,0.889851,96.66,90.66,83.28
,2008,0.684,0.881874,101.46,93.21,92.88
,2009,0.72,0.862331,95.13,93.29,81.33
,2010,0.755,0.85398,97.33,94.72,89.37
,2011,0.719,0.841361,102.45,96.72,100.64
,2012,0.778,0.844301,104.51,98.61,105.8
,2013,0.753,0.811643,104.4,99.46,106.58
,2014,0.754,0.807565,103.12,99.96,105
,2015,0.901,0.808694,100.01,100,100
,2016,0.904,0.780044,98.01,100.18,97.23
,2017,0.887,0.770109,100.32,101.22,103.05
,2018,0.847,0.755451,102.78,103.09,112.89
,2019,0.893,0.730512,102.9,104.23,114.85
,2020,0.878,0.731532,100.46,104.73,107.94
Germany,1978,1.027,1.165909,55.53,44.37,28.31
,1979,0.937,1.122647,58.44,46.16,34.2
,1980,0.929,1.085767,62.47,48.67,37.84
,1981,1.155,1.033325,66.27,51.76,43.98
,1982,1.241,1.017782,69.44,54.47,47.53
,1983,1.306,1.006921,70.45,56.27,47.13
,1984,1.455,0.991191,72.46,57.62,48.74
,1985,1.505,0.981221,73.98,58.81,50.55
,1986,1.11,0.990701,72.24,58.74,44.72
,1987,0.919,0.979169,71.94,58.88,40.6
,1988,0.898,0.961795,73.11,59.63,39.45
,1989,0.961,0.952158,75.58,61.29,41.45
,1990,0.826,0.948976,76.68,62.94,43.21
,1991,0.848,0.946252,78.37,65.49,47.41
,1992,0.799,0.97426,79.64,68.8,49.58
,1993,0.845,0.988672,79.69,71.88,50.14
,1994,0.83,0.987862,80.21,73.82,51.97
,1995,0.733,0.986744,81.89,75.08,51.52
,1996,0.769,0.976539,82,76.17,52.09
,1997,0.887,0.973221,82.52,77.64,53.56
,1998,0.9,0.968747,82.36,78.35,51.79
,1999,0.939,0.954119,82.14,78.81,53.98
,2000,1.085,0.942801,84.71,79.94,61.62
,2001,1.117,0.929565,85.8,81.53,65.69
,2002,1.061,0.913257,85.98,82.69,66.05
,2003,0.885,0.896861,86.49,83.54,68.71
,2004,0.805,0.875789,87.99,84.93,71.52
,2005,0.805,0.872721,90.08,86.25,78.36
,2006,0.797,0.84871,92.19,87.61,84
,2007,0.73,0.83832,94.28,89.62,87.32
,2008,0.684,0.820401,97.17,91.98,95.48
,2009,0.72,0.81051,93.91,92.27,89.95
,2010,0.755,0.804426,96.24,93.28,93.88
,2011,0.719,0.788739,100.25,95.22,103.2
,2012,0.778,0.787246,101.73,97.13,109.1
,2013,0.753,0.774784,101.72,98.59,110.33
,2014,0.754,0.768937,101.32,99.49,107.9
,2015,0.901,0.778122,100.01,100,100
,2016,0.904,0.752608,99.47,100.49,94.71
,2017,0.887,0.744783,102.05,102.01,97.16
,2018,0.847,0.736689,104.16,103.78,101.63
,2019,0.893,0.742663,105.12,105.28,102.97
,2020,0.878,0.745541,104.7,105.81,98.07
Greece,1978,0.108,0.069791,4.69,3.5,
,1979,0.109,0.07743,5.64,4.17,
,1980,0.125,0.084678,7.36,5.19,
,1981,0.162,0.094077,9.19,6.47,
,1982,0.196,0.112715,11.27,7.83,
,1983,0.258,0.130823,13.55,9.4,
,1984,0.331,0.153944,16.03,11.14,
,1985,0.405,0.177616,19.02,13.29,
,1986,0.409,0.206985,22.92,16.35,
,1987,0.397,0.2328,24.62,19.03,
,1988,0.416,0.262376,27.22,21.61,
,1989,0.476,0.289085,30.63,24.56,16.08
,1990,0.464,0.336309,35.21,29.58,21.83
,1991,0.534,0.389679,39.31,35.33,27.36
,1992,0.559,0.437379,44.08,40.94,32.42
,1993,0.672,0.488904,48.25,46.84,36.47
,1994,0.711,0.532208,52.1,51.93,37.78
,1995,0.68,0.57232,57.03,56.57,39.43
,1996,0.706,0.602871,60.44,61.21,42.66
,1997,0.801,0.627391,62.71,64.6,41.13
,1998,0.867,0.647942,64.53,67.68,39.78
,1999,0.897,0.67328,66.05,69.46,38.37
,2000,1.069,0.669482,69.93,71.65,44.96
,2001,1.117,0.668361,72.33,74.07,44.32
,2002,1.061,0.662967,73.84,76.75,44.19
,2003,0.885,0.685789,75.36,79.46,45.82
,2004,0.805,0.69509,78.25,81.77,48.62
,2005,0.805,0.708976,83.23,84.67,55.53
,2006,0.797,0.693383,89.83,87.37,60.54
,2007,0.73,0.71919,92.99,89.9,62.63
,2008,0.684,0.707951,102.02,93.64,70.95
,2009,0.72,0.703914,94.7,94.77,62.88
,2010,0.755,0.721426,101.23,99.23,80.99
,2011,0.719,0.713163,109.9,102.54,94.37
,2012,0.778,0.684663,114.02,104.08,106.5
,2013,0.753,0.631286,111.58,103.12,113.48
,2014,0.754,0.611135,108.53,101.77,111.45
,2015,0.901,0.60907,100.01,100,100
,2016,0.904,0.58858,95.11,99.17,99.48
,2017,0.887,0.575041,99.33,100.29,105.8
,2018,0.847,0.564183,103.88,100.91,109.2
,2019,0.893,0.554176,103.59,101.17,108.68
,2020,0.878,0.543695,94.97,99.91,99.71
Hungary,1978,37.91,14.467565,24.65,,
,1979,35.58,13.39863,25.2,,
,1980,32.53,13.082255,29.06,2.99,
,1981,34.31,12.581829,30.89,3.13,
,1982,36.63,12.523167,32.33,3.34,
,1983,42.67,12.645348,34.12,3.59,
,1984,48.04,12.985088,35.55,3.89,
,1985,50.12,13.326289,37.42,4.16,
,1986,45.83,13.551663,10.17,4.38,
,1987,46.97,14.304506,10.46,4.76,
,1988,50.41,16.242861,11.03,5.51,
,1989,59.07,18.564359,12.68,6.45,
,1990,63.21,22.496729,15.4,8.29,5.8
,1991,74.769,30.147606,20.7,11.17,9.91
,1992,78.989,35.815898,22.76,13.81,12.16
,1993,91.909,42.431642,25.94,16.92,14.24
,1994,105.121,49.641977,29.12,20.11,15.85
,1995,125.72,61.620581,37.92,25.8,21.23
,1996,152.609,74.039125,46.11,31.86,27.25
,1997,186.629,87.41276,55.31,37.69,33.32
,1998,214.261,97.826346,61.21,43.02,37.88
,1999,237.063,104.545883,64.09,47.32,42.79
,2000,282.286,110.038733,71.52,51.96,50.21
,2001,286.491,114.39074,75.13,56.7,52.44
,2002,257.884,118.141282,74,59.68,53.77
,2003,224.297,122.138071,75.02,62.47,56.73
,2004,202.609,128.488476,77.31,66.68,62.49
,2005,199.527,130.929945,78.94,69.05,67.09
,2006,210.402,131.666648,83.19,71.77,71.67
,2007,183.595,134.229736,81.78,77.48,81.55
,2008,172.464,131.005355,83.95,82.16,91.09
,2009,202.062,127.596365,87.95,85.62,93.57
,2010,207.764,126.314168,90.99,89.78,103.66
,2011,200.907,124.271836,95.15,93.31,113
,2012,224.823,125.623608,98.73,98.58,122.83
,2013,223.582,124.979432,99.99,100.29,116.13
,2014,232.619,129.414974,100.79,100.06,108.21
,2015,279.194,132.55351,100,100,100
,2016,281.521,132.033797,98.98,100.39,96.24
,2017,274.476,136.036522,102.48,102.75,99.91
,2018,270.221,139.311557,107.58,105.68,104.6
,2019,290.603,143.232115,110.01,109.21,105.17
,2020,307.991,148.013252,105.55,112.84,102.1
Ireland,1978,0.662,0.543024,42.42,20.72,15.07
,1979,0.62,0.569998,47.44,23.48,17.47
,1980,0.618,0.599649,52.61,27.74,24.23
,1981,0.789,0.643366,61,33.4,31.79
,1982,0.894,0.697924,68.2,39.12,36.73
,1983,1.022,0.743541,72.84,43.21,40.62
,1984,1.172,0.763431,77.78,46.95,43.25
,1985,1.201,0.778409,80.49,49.48,46.42
,1986,0.948,0.813019,79.5,51.37,43.46
,1987,0.854,0.810836,80.84,53,42.81
,1988,0.834,0.808634,84.15,54.13,42.52
,1989,0.896,0.821095,88.16,56.34,44.31
,1990,0.768,0.785697,86.74,58.21,45.48
,1991,0.789,0.773686,87.5,60.08,46.16
,1992,0.746,0.77772,88.92,61.92,45.43
,1993,0.868,0.799042,93.02,62.83,45.51
,1994,0.85,0.795593,94.06,64.28,45.85
,1995,0.793,0.802896,95.51,65.91,46.11
,1996,0.794,0.809337,95.02,67.06,47.85
,1997,0.839,0.83474,95.32,68.09,49.36
,1998,0.893,0.863389,97.89,69.73,49.05
,1999,0.939,0.913882,99.73,70.87,49.97
,2000,1.085,0.943538,107.18,74.83,56.79
,2001,1.117,0.969212,108.97,78.48,55.29
,2002,1.061,0.981997,107.73,82.1,57.21
,2003,0.885,1.004971,99.01,84.97,59.52
,2004,0.805,0.991974,96.63,86.83,64.53
,2005,0.805,1.011707,96.57,88.94,72.71
,2006,0.797,0.979542,96.95,92.44,78.61
,2007,0.73,0.958956,94.72,96.97,82.28
,2008,0.684,0.944447,93.51,100.91,89.52
,2009,0.72,0.900621,94.14,96.39,82.46
,2010,0.755,0.848854,94.23,95.5,90.37
,2011,0.719,0.831513,94.76,97.94,101.2
,2012,0.778,0.823072,96.45,99.6,110.66
,2013,0.753,0.811228,96.12,100.11,110.5
,2014,0.754,0.819041,94.84,100.29,108.9
,2015,0.901,0.809686,100.01,100,100
,2016,0.904,0.794289,99.07,100.01,93.82
,2017,0.887,0.794405,98.78,100.35,97.48
,2018,0.847,0.791185,96.41,100.84,104.44
,2019,0.893,0.806851,95.48,101.79,105.57
,2020,0.878,0.783858,87.15,101.45,100.28
Israel,1978,0.002,0.001127,,0.01,0.01
,1979,0.003,0.00184,,0.02,0.02
,1980,0.005,0.003803,,0.05,0.05
,1981,0.011,0.007804,,0.1,0.11
,1982,0.024,0.016703,,0.22,0.24
,1983,0.056,0.040171,,0.54,0.53
,1984,0.293,0.187958,,2.57,2.51
,1985,1.179,0.664171,,10.53,10.77
,1986,1.488,0.97763,,15.57,12.24
,1987,1.595,1.146556,,18.55,12.24
,1988,1.599,1.319743,,21.6,13.06
,1989,1.916,1.507474,,25.98,17.29
,1990,2.016,1.684587,,30.47,21.94
,1991,2.279,1.957492,,36.27,25.73
,1992,2.459,2.144654,,40.63,28.05
,1993,2.83,2.32736,,45.09,29.61
,1994,3.011,2.564403,,50.62,32.3
,1995,3.011,2.739532,50.69,55.65,35.88
,1996,3.187,2.974476,55.05,62,42.74
,1997,3.449,3.166873,58.51,67.55,48.2
,1998,3.799,3.346806,60.96,71.26,49.45
,1999,4.139,3.504641,65.26,74.95,54
,2000,4.077,3.441656,67.63,75.74,59.09
,2001,4.206,3.42743,67.55,76.61,58.09
,2002,4.736,3.462676,70.17,81.02,64.38
,2003,4.547,3.628859,73.21,81.61,70.75
,2004,4.481,3.537657,77.19,81.28,75.44
,2005,4.487,3.716937,82.01,82.34,82.87
,2006,4.457,3.788173,86.68,84.04,86.45
,2007,4.109,3.725704,89.67,84.43,87.15
,2008,3.585,3.867205,98.28,88.27,96.83
,2009,3.927,3.96503,92.04,91.22,91.67
,2010,3.731,3.981341,95.71,93.7,95.3
,2011,3.574,3.944763,103.07,96.96,103.5
,2012,3.85,3.955358,107.6,98.6,112.36
,2013,3.609,3.839566,108.05,100.15,114.35
,2014,3.577,3.940387,106.54,100.64,114.08
,2015,3.887,3.923925,100,100,100
,2016,3.839,3.788511,96.46,99.45,93.7
,2017,3.599,3.751633,98.02,99.7,96.78
,2018,3.595,3.711753,101.3,100.51,99.76
,2019,3.564,3.703983,100.01,101.36,99.31
,2020,3.441,3.586796,95.11,100.76,91.48
Italy,1978,0.438,0.323552,20.74,14.88,13.46
,1979,0.429,0.344927,23.89,17.08,15.13
,1980,0.442,0.382202,28.91,20.68,19.08
,1981,0.587,0.414762,34.06,24.4,23.19
,1982,0.699,0.459148,38.54,28.42,26.54
,1983,0.784,0.508546,42.77,32.58,33.11
,1984,0.907,0.543661,47.16,36.1,36.61
,1985,0.986,0.575345,50.81,39.42,38.95
,1986,0.77,0.60622,50.89,41.71,36.82
,1987,0.67,0.627144,52.42,43.69,37
,1988,0.672,0.646062,54.28,45.9,38.58
,1989,0.708,0.660218,57.48,48.78,40.35
,1990,0.619,0.693124,59.84,51.93,45.08
,1991,0.641,0.72128,61.87,55.17,50.09
,1992,0.636,0.736014,63.09,58.08,50.89
,1993,0.812,0.746918,65.42,60.77,53.08
,1994,0.833,0.757208,67.89,63.23,55.2
,1995,0.841,0.778185,73.48,66.54,57.82
,1996,0.797,0.799648,74.82,69.21,59.59
,1997,0.879,0.804486,75.43,70.62,60.73
,1998,0.897,0.799865,75.88,72,59.93
,1999,0.939,0.806447,76.04,73.2,60.4
,2000,1.085,0.805011,78.86,75.06,67.42
,2001,1.117,0.816163,79.77,77.15,68.44
,2002,1.061,0.823489,80.39,79.05,66.6
,2003,0.885,0.834324,81.54,81.16,68.7
,2004,0.805,0.85257,84.21,82.95,70.29
,2005,0.805,0.855139,86.84,84.6,76.42
,2006,0.797,0.823944,90.35,86.37,82.6
,2007,0.73,0.810364,93.38,87.95,83.42
,2008,0.684,0.783694,98.03,90.89,91.87
,2009,0.72,0.770755,92.57,91.6,84.35
,2010,0.755,0.772539,95.88,93,87.44
,2011,0.719,0.758687,100.61,95.58,97.34
,2012,0.778,0.747731,102.53,98.49,111.19
,2013,0.753,0.737299,102.48,99.69,110.78
,2014,0.754,0.739644,101.78,99.93,107.51
,2015,0.901,0.738694,100.03,99.97,99.99
,2016,0.904,0.700544,98.53,99.88,94.6
,2017,0.887,0.689895,101.2,101.1,98.9
,2018,0.847,0.679906,103.17,102.25,104.46
,2019,0.893,0.668535,103.41,102.88,104.97
,2020,0.878,0.662828,101.87,102.73,96.35
Japan,1978,210.438,265.239035,98.33,66.62,65.83
,1979,219.198,251.658364,103.41,69.1,70.47
,1980,226.696,243.36065,118.76,74.47,94.84
,1981,220.592,228.831006,120.03,78.15,100.51
,1982,249.077,219.276639,120.62,80.29,104.54
,1983,237.477,213.007241,119.73,81.8,101.55
,1984,237.554,208.619258,119.75,83.64,99.25
,1985,238.623,204.772357,118.72,85.35,97.51
,1986,168.519,203.966037,113.19,85.87,89.79
,1987,144.622,198.730394,109.84,85.98,83.03
,1988,128.135,193.159463,109.48,86.54,80
,1989,137.974,189.792476,111.84,88.52,80.03
,1990,144.796,187.710514,113.61,91.24,82.78
,1991,134.496,186.886354,114.85,94.22,84.72
,1992,126.673,185.767602,113.79,95.85,83.86
,1993,111.176,182.499528,111.96,97.06,83.95
,1994,102.229,179.158384,110,97.73,82.44
,1995,94.065,174.542779,109.34,97.64,80.86
,1996,108.817,170.553311,107.18,97.78,78.85
,1997,120.997,168.506941,107.28,99.44,81.09
,1998,130.894,166.556261,105.35,100.08,77.65
,1999,113.888,162.03574,103.42,99.74,76.35
,2000,107.835,154.717851,103.02,99.05,78.69
,2001,121.484,149.724877,100.39,98.36,79.08
,2002,125.255,143.774205,97.97,97.48,77.2
,2003,115.936,139.516091,96.62,97.23,77.25
,2004,108.147,134.363066,96.9,97.22,78.44
,2005,110.133,129.551955,97.65,96.94,81.29
,2006,116.354,124.536829,99.52,97.18,86.03
,2007,117.755,120.394201,100.8,97.23,87.44
,2008,103.388,116.845814,104.93,98.57,95.35
,2009,93.572,115.150066,99.86,97.25,84.8
,2010,87.761,111.666587,99.51,96.53,87.04
,2011,79.707,107.454281,100.64,96.27,92.14
,2012,79.814,104.273972,98.91,96.22,95.59
,2013,97.598,101.302673,99.43,96.55,101.12
,2014,105.848,103.052076,102.22,99.21,107.74
,2015,121.002,103.469437,99.99,100,100
,2016,108.803,105.519502,96.87,99.87,89.78
,2017,112.183,105.101901,98.74,100.36,94.57
,2018,110.438,103.706485,100.74,101.35,101.15
,2019,109.046,103.625494,100.92,101.82,102.51
,2020,106.762,102.835436,100.18,101.8,98.18
Korea,1978,484,346.746714,27.24,14.51,
,1979,484,379.5274,32.65,17.17,
,1980,607.446,433.891143,46.71,22.1,
,1981,681.028,462.128004,55.37,26.82,
,1982,731.084,463.346991,58.29,28.75,
,1983,775.758,467.375616,58.07,29.73,
,1984,806.577,471.045691,58.51,30.41,
,1985,870.903,474.803514,58.36,31.16,
,1986,881.045,488.548983,57.42,32.01,
,1987,825.044,499.793941,57.87,32.99,
,1988,730.012,517.153539,58.3,35.35,
,1989,669.169,527.826954,59.1,37.36,
,1990,707.995,560.104722,60.51,40.56,27.49
,1991,733.229,591.307505,62.83,44.35,31.14
,1992,780.012,623.099327,63.96,47.11,34.41
,1993,802.436,646.747942,64.84,49.37,36.42
,1994,804.268,684.890835,65.85,52.46,36.4
,1995,771.398,717.947266,69.07,54.81,37.05
,1996,804.42,734.019605,70.52,57.51,40.83
,1997,950.507,750.463803,72.83,60.06,47.78
,1998,1400.477,775.327404,83.55,64.58,61.64
,1999,1186.706,754.89297,80.72,65.1,61.89
,2000,1130.64,747.714956,82.61,66.57,67.8
,2001,1290.41,757.117476,80.78,69.28,72.56
,2002,1251.045,769.77179,79.46,71.19,70.25
,2003,1190.959,791.696603,80.82,73.69,72.84
,2004,1145.197,795.055445,86.99,76.34,76.74
,2005,1024.226,788.920135,89.73,78.44,81.1
,2006,954.748,772.480419,89.82,80.2,86.81
,2007,929.45,770.471026,90.54,82.24,89.25
,2008,1100.862,785.717886,101.51,86.08,100.81
,2009,1274.947,827.817613,99.72,88.45,95.53
,2010,1155.431,840.683012,104.01,91.05,101.71
,2011,1107.302,854.585723,113.37,94.72,111.74
,2012,1125.935,854.887268,112.93,96.79,116.56
,2013,1094.926,869.081422,109.55,98.05,116.9
,2014,1053.064,871.878106,107.22,99.3,116.42
,2015,1131.309,857.483387,100,100,100
,2016,1160.589,858.809687,96.49,100.97,90.64
,2017,1130.635,872.624771,101.1,102.93,93.75
,2018,1100.186,865.721604,103.31,104.45,95.9
,2019,1165.294,868.570306,102.28,104.85,93.41
,2020,1180.128,861.823593,99.65,105.42,88.91
Luxembourg,1978,0.781,1.002753,46.46,34.51,32.31
,1979,0.727,0.984769,48.63,36.08,36.8
,1980,0.725,0.974729,51.96,38.35,43.17
,1981,0.921,0.954425,57.46,41.45,49.25
,1982,1.133,0.996072,67.34,45.33,55.16
,1983,1.267,1.023887,70.71,49.26,65.47
,1984,1.432,1.031791,75.29,52.43,69.33
,1985,1.473,1.031091,77.54,54.57,72.36
,1986,1.108,1.009889,75.34,54.73,56.46
,1987,0.926,0.986144,69.96,54.7,51.43
,1988,0.912,0.97899,71.83,55.49,50.12
,1989,0.977,0.979938,77.68,57.36,53.04
,1990,0.829,0.96832,75.94,59.22,55.66
,1991,0.847,0.953719,74,61.07,55.58
,1992,0.797,0.967241,72.26,63,52.66
,1993,0.856,1.001289,70.99,65.26,55.07
,1994,0.829,1.015082,71.23,66.69,53.55
,1995,0.731,0.974946,74.08,67.94,52.8
,1996,0.768,0.977094,71.04,68.74,55.85
,1997,0.886,0.973888,72.22,69.68,57.9
,1998,0.9,0.964435,73.44,70.35,54.94
,1999,0.939,0.95763,69.91,71.07,56.41
,2000,1.085,0.955437,73.18,73.31,67.58
,2001,1.117,0.963233,73.97,75.26,66.55
,2002,1.061,0.956996,73.21,76.82,63.76
,2003,0.885,0.96571,73.9,78.4,65.35
,2004,0.805,0.951997,81.43,80.14,71.23
,2005,0.805,0.946363,86.48,82.14,82.15
,2006,0.797,0.917918,91.96,84.33,90.01
,2007,0.73,0.922537,97.4,86.28,92.16
,2008,0.684,0.900045,103.37,89.21,104.57
,2009,0.72,0.902341,93.12,89.54,89.03
,2010,0.755,0.924932,97.94,91.58,98.09
,2011,0.719,0.905099,106.31,94.7,110.74
,2012,0.778,0.90679,106.56,97.22,118.74
,2013,0.753,0.895254,102.86,98.91,115.63
,2014,0.754,0.884138,100.83,99.53,110.29
,2015,0.901,0.881261,100.01,100,100
,2016,0.904,0.851894,99.75,100.29,91.48
,2017,0.887,0.84831,104.53,102.03,95.4
,2018,0.847,0.846841,110.6,103.59,103.38
,2019,0.893,0.846922,107.28,105.39,105.05
,2020,0.878,0.857118,104.89,106.26,96.82
Mexico,1978,0.023,0.011944,0.1,0.04,
,1979,0.023,0.01326,0.12,0.05,
,1980,0.023,0.015652,0.15,0.07,0.03
,1981,0.024,0.018017,0.1,0.08,0.03
,1982,0.052,0.027325,0.16,0.13,0.07
,1983,0.155,0.050136,0.32,0.27,0.17
,1984,0.192,0.076995,0.52,0.44,0.27
,1985,0.327,0.116779,0.81,0.7,0.42
,1986,0.639,0.198746,1.45,1.3,0.86
,1987,1.418,0.464822,3.54,3.02,1.88
,1988,2.281,0.895705,7.06,6.48,4.03
,1989,2.495,1.090566,7.97,7.77,4.14
,1990,2.841,1.346927,9.78,9.84,5.06
,1991,3.022,1.605792,11.64,12.07,6.51
,1992,3.095,1.796268,13.05,13.95,8.45
,1993,3.115,2.057499,13.9,15.31,9.44
,1994,3.389,2.191969,14.37,16.37,10.49
,1995,6.421,2.972768,21.28,22.1,15.04
,1996,7.601,3.694261,28.49,29.7,20.33
,1997,7.924,4.312385,33.43,35.83,25.04
,1998,9.153,4.922369,38.38,41.54,28.91
,1999,9.553,5.63367,44.18,48.42,34.39
,2000,9.453,6.103027,48.12,53.02,40.16
,2001,9.344,6.332835,50.09,56.4,43.6
,2002,9.66,6.553697,51.69,59.23,46.72
,2003,10.795,6.648073,55.08,61.93,50.81
,2004,11.283,6.989209,59.81,64.83,54.64
,2005,10.89,7.126862,62.53,67.42,57.94
,2006,10.903,7.157871,66.28,69.86,62.15
,2007,10.929,7.374153,69.57,72.64,64.54
,2008,11.153,7.469532,75.56,76.36,68.46
,2009,13.504,7.428654,79.62,80.4,70.17
,2010,12.632,7.676843,83.34,83.74,73.97
,2011,12.434,7.673013,88.75,86.6,78.05
,2012,13.15,7.858708,93.66,90.16,83.76
,2013,12.77,7.884359,93.83,93.59,90.07
,2014,13.305,8.045318,96.08,97.35,97.6
,2015,15.874,8.327595,100,100,100
,2016,18.627,8.446043,107.2,102.82,99.82
,2017,18.871,8.913552,115.86,109.03,115.55
,2018,19.178,9.201885,122.9,114.38,130.58
,2019,19.217,9.369987,126.49,118.53,133.76
,2020,21.401,9.522285,132.54,122.56,128.9
Netherlands,1978,0.982,1.25787,52.85,41.79,28.75
,1979,0.91,1.20882,54.27,43.55,30.92
,1980,0.902,1.155917,58.7,46.38,36.54
,1981,1.132,1.123476,64.98,49.51,45.04
,1982,1.212,1.107027,66.9,52.44,50.67
,1983,1.295,1.0801,67.25,53.87,50.77
,1984,1.456,1.066541,70.99,55.65,53.19
,1985,1.508,1.042798,71.88,56.91,55.18
,1986,1.112,1.024376,64.38,56.96,49.84
,1987,0.919,0.989186,62.71,56.56,42.24
,1988,0.897,0.963314,63.58,56.98,41.2
,1989,0.962,0.939468,66.63,57.6,40.93
,1990,0.826,0.919695,66.31,59.01,44.67
,1991,0.848,0.917341,66.59,60.87,48.29
,1992,0.798,0.919286,65.79,62.81,48.06
,1993,0.843,0.912355,64.56,64.44,45.98
,1994,0.826,0.911706,65.04,66.24,47.67
,1995,0.728,0.911419,66.73,67.52,47.97
,1996,0.765,0.90738,67.69,68.94,47.49
,1997,0.885,0.908977,69.74,70.4,51.29
,1998,0.901,0.905982,68.08,71.78,51.15
,1999,0.939,0.906357,68.23,73.32,52.7
,2000,1.085,0.890163,76.73,75.06,62.23
,2001,1.117,0.904694,77.35,78.17,65.88
,2002,1.061,0.900863,76.33,80.74,67.19
,2003,0.885,0.926458,76.85,82.43,69.97
,2004,0.805,0.908546,79.77,83.48,74.01
,2005,0.805,0.897139,85.03,84.88,82.55
,2006,0.797,0.873084,89.43,85.82,88.78
,2007,0.73,0.861245,93.87,87.2,92.1
,2008,0.684,0.847775,100.87,89.37,96.16
,2009,0.72,0.84772,89.16,90.44,93.29
,2010,0.755,0.853394,97.17,91.59,92.67
,2011,0.719,0.836065,107.76,93.73,100.04
,2012,0.778,0.824408,108.21,96.04,107.03
,2013,0.753,0.798166,106.96,98.44,107.51
,2014,0.754,0.808798,105.22,99.4,105.8
,2015,0.901,0.809978,100,100,100
,2016,0.904,0.795448,97.52,100.32,94.39
,2017,0.887,0.78215,102.22,101.7,97.89
,2018,0.847,0.775748,105.27,103.44,105.75
,2019,0.893,0.785516,106.26,106.16,113.76
,2020,0.878,0.773146,101.81,107.51,103.15
New Zealand,1978,0.961,0.786079,20.8,16.32,13.01
,1979,0.978,0.854881,24.31,18.56,16.43
,1980,1.027,0.904013,29.06,21.74,19.96
,1981,1.153,0.974632,33.71,25.08,21.93
,1982,1.332,1.00638,37.91,29.13,25.08
,1983,1.496,1.030831,39.43,31.27,26.32
,1984,1.767,1.055198,42.33,33.2,28.32
,1985,2.026,1.180074,48.45,38.32,33.61
,1986,1.913,1.333733,50.8,43.39,32.98
,1987,1.695,1.472383,54.15,50.22,37.03
,1988,1.529,1.537112,56.21,53.42,37.79
,1989,1.674,1.549948,59.92,56.47,38.66
,1990,1.678,1.53859,62.44,59.92,40.74
,1991,1.729,1.492342,62.79,61.48,42.33
,1992,1.86,1.486938,64.5,62.1,43.35
,1993,1.851,1.483369,66.67,62.9,44.14
,1994,1.687,1.46415,63.81,64,44.09
,1995,1.524,1.462862,62.45,66.4,45.04
,1996,1.454,1.467213,62.25,67.92,46.28
,1997,1.513,1.448473,61.72,68.72,47.31
,1998,1.869,1.447791,62.02,69.59,46.5
,1999,1.892,1.43466,62.8,69.51,47.04
,2000,2.205,1.443906,68.16,71.33,53.02
,2001,2.382,1.474387,71.91,73.21,52.7
,2002,2.163,1.468962,71.9,75.16,53.34
,2003,1.724,1.49747,70.69,76.48,55.56
,2004,1.509,1.507677,72.64,78.23,61.21
,2005,1.421,1.535,76.73,80.61,67.79
,2006,1.542,1.481508,81.71,83.32,76.48
,2007,1.361,1.505519,84.97,85.3,79.06
,2008,1.425,1.490709,97.66,88.68,90.44
,2009,1.6,1.470995,93,90.56,84.12
,2010,1.388,1.496126,96.99,92.64,90.6
,2011,1.266,1.485915,102.52,96.37,102.05
,2012,1.235,1.495622,100.39,97.39,103.58
,2013,1.22,1.445979,103.52,98.5,105.08
,2014,1.206,1.44073,104.14,99.71,105.93
,2015,1.434,1.478014,100,100,100
,2016,1.437,1.441008,97.5,100.65,97.18
,2017,1.407,1.430959,105.51,102.51,101.83
,2018,1.446,1.424703,110.18,104.15,109.49
,2019,1.518,1.439815,111.92,105.83,110.43
,2020,1.541,1.445397,110.86,107.65,105.54
Norway,1978,5.241,7.811946,25.15,24.77,
,1979,5.063,7.624802,26.81,25.89,16.28
,1980,4.937,7.911032,30.03,28.71,20.75
,1981,5.732,8.157987,32.98,32.63,24.67
,1982,6.451,8.490806,35.11,36.33,27.21
,1983,7.296,8.739655,37.17,39.4,29.99
,1984,8.16,8.959169,39.64,41.85,32.13
,1985,8.594,9.135944,41.33,44.24,33.45
,1986,7.392,8.906264,41.63,47.42,32.6
,1987,6.737,9.319004,43.95,51.55,34.94
,1988,6.517,9.439722,46.6,54.99,37.29
,1989,6.903,9.593393,49.03,57.49,39.49
,1990,6.258,9.599692,50.24,59.87,43.19
,1991,6.484,9.491041,51.45,61.93,46.67
,1992,6.214,9.220206,51.54,63.37,47.48
,1993,7.094,9.213305,51.42,64.82,49.37
,1994,7.057,9.006615,52.46,65.71,49.4
,1995,6.337,9.091711,53.48,67.33,52.26
,1996,6.457,8.995578,54.25,68.18,54.02
,1997,7.072,9.059569,54.65,69.93,56.86
,1998,7.545,9.312731,55.14,71.5,54.72
,1999,7.797,9.283739,57.07,73.19,56.25
,2000,8.797,9.082606,62.78,75.45,62.57
,2001,8.988,9.173071,63.02,77.72,67.42
,2002,7.986,9.05673,61.09,78.72,65.7
,2003,7.078,9.206974,62.17,80.68,78.07
,2004,6.739,9.133219,66.07,81.04,76.43
,2005,6.441,9.005204,70.34,82.28,78.74
,2006,6.415,8.791878,75.78,84.2,93.2
,2007,5.858,8.933784,80.27,84.8,83.23
,2008,5.648,8.859281,85.29,87.98,98.57
,2009,6.29,9.077231,85.36,89.92,94.73
,2010,6.042,9.144245,90.97,92.09,109
,2011,5.605,9.082736,97.74,93.28,110.53
,2012,5.815,9.037085,99.03,93.93,99.17
,2013,5.877,9.029349,99.02,95.92,108.06
,2014,6.302,9.278458,101.47,97.88,104.52
,2015,8.064,9.932516,100,100,99.99
,2016,8.4,10.0419,99.59,103.55,109.32
,2017,8.271,9.74983,105.8,105.49,118.15
,2018,8.135,9.597451,112.62,108.41,142.2
,2019,8.799,9.763243,114.1,110.76,142.39
,2020,9.413,10.026168,113.95,112.18,113
Poland,1978,,,0.07,,
,1979,0.004,,0.07,,
,1980,0.004,,0.08,,
,1981,0.005,,0.08,,
,1982,0.008,,0.17,,
,1983,0.009,,0.2,,
,1984,0.011,,0.23,,
,1985,0.015,,0.26,,
,1986,0.018,,0.3,,
,1987,0.027,,0.39,,
,1988,0.043,,0.62,,
,1989,0.144,,1.96,0.97,
,1990,0.95,0.266545,13.88,6.46,
,1991,1.058,0.40029,20.87,11.42,
,1992,1.363,0.542539,26.67,16.68,
,1993,1.814,0.692384,35.26,22.85,
,1994,2.273,0.930321,45.86,30.38,
,1995,2.425,1.166157,57.66,38.88,26.89
,1996,2.696,1.354124,64.02,46.57,32.02
,1997,3.277,1.513514,69.45,53.52,37.54
,1998,3.492,1.655067,73.91,59.72,43.21
,1999,3.964,1.737656,77.67,64,47.02
,2000,4.346,1.832369,83.83,70.33,53.52
,2001,4.097,1.836811,83.52,74.14,56.93
,2002,4.082,1.799795,83.59,75.55,59.4
,2003,3.888,1.806327,85.63,76.06,62.09
,2004,3.651,1.831563,91.3,78.64,65.22
,2005,3.234,1.867595,90.7,80.35,69.02
,2006,3.103,1.852931,90.94,81.39,72.35
,2007,2.765,1.856189,92.57,83.39,74.99
,2008,2.41,1.842243,93.37,86.86,81.12
,2009,3.119,1.867782,94.02,90.16,85.88
,2010,3.015,1.803438,94.6,92.48,91.18
,2011,2.962,1.801424,101.83,96.4,99.49
,2012,3.252,1.796168,105,99.84,107.32
,2013,3.16,1.762045,104.23,100.83,105.47
,2014,3.154,1.767142,102.58,100.88,104.3
,2015,3.77,1.765116,99.98,100,100
,2016,3.944,1.732843,100.08,99.34,96.41
,2017,3.779,1.742879,102.52,101.4,99.45
,2018,3.611,1.747032,104.83,103.24,103.06
,2019,3.839,1.764428,105.67,105.54,102.74
,2020,3.899,1.781862,104.43,109.1,102.03
Portugal,1978,0.219,0.118753,8.58,6.63,4.98
,1979,0.244,0.13097,10.63,8.09,5.92
,1980,0.249,0.145228,12.39,9.37,7.61
,1981,0.307,0.156036,14.92,11.15,9.49
,1982,0.396,0.177363,21.24,13.57,12.06
,1983,0.553,0.212674,28.32,16.83,16.19
,1984,0.73,0.25592,34.74,21.6,20.69
,1985,0.848,0.301992,38.45,25.81,24.99
,1986,0.739,0.356572,41.24,28.99,27.55
,1987,0.702,0.383102,43.61,31.78,28.96
,1988,0.718,0.411366,47.82,34.99,30.73
,1989,0.784,0.437466,53.85,39.43,33.78
,1990,0.71,0.47711,58.53,44.81,38.56
,1991,0.72,0.508051,59.8,50.12,43.11
,1992,0.672,0.553587,59.88,54.91,44.89
,1993,0.801,0.580664,61.09,58.63,47.36
,1994,0.828,0.609899,63.04,61.81,48.8
,1995,0.748,0.617855,66.2,64.42,49.37
,1996,0.769,0.629844,70.05,66.4,50.48
,1997,0.874,0.641364,72.18,67.95,52.77
,1998,0.899,0.656809,68.78,69.7,53.1
,1999,0.939,0.660642,71.25,71.33,52.08
,2000,1.085,0.660828,81.89,73.37,55.22
,2001,1.117,0.670763,84.21,76.57,58.03
,2002,1.061,0.672081,84.71,79.33,58.72
,2003,0.885,0.670488,85.23,81.88,61.6
,2004,0.805,0.676708,87.63,83.82,64.9
,2005,0.805,0.664259,94.41,85.73,71.31
,2006,0.797,0.641013,97.95,88.39,77.04
,2007,0.73,0.647602,99.48,90.56,79.75
,2008,0.684,0.636148,104.89,92.9,84.94
,2009,0.72,0.626868,98.39,92.13,78.32
,2010,0.755,0.622647,102.62,93.42,85.73
,2011,0.719,0.623083,109.26,96.83,96.63
,2012,0.778,0.605398,111.76,99.52,105.9
,2013,0.753,0.583607,110.36,99.79,105.2
,2014,0.754,0.578868,107.81,99.51,103.75
,2015,0.901,0.584947,100.01,100,100
,2016,0.904,0.571416,98.68,100.61,98.17
,2017,0.887,0.575688,101.1,101.98,101.62
,2018,0.847,0.571174,103.45,103,106.38
,2019,0.893,0.564103,104.13,103.35,104.5
,2020,0.878,0.569524,101.32,103.33,99.24
Slovak Republic,1978,0.478,,22.62,,
,1979,0.468,,22.62,,
,1980,0.474,,22.62,,
,1981,0.44,,23.6,,
,1982,0.455,,25.36,,
,1983,0.47,,25.59,,
,1984,0.551,0.235173,27.69,,
,1985,0.569,0.231813,28.19,,
,1986,0.498,0.227261,28.19,,
,1987,0.454,0.221653,28.21,,
,1988,0.477,0.217879,28.14,,
,1989,0.5,0.215609,27.38,,
,1990,0.596,0.222173,28.69,,
,1991,0.979,0.28946,48.46,24.02,
,1992,0.938,0.315357,51.04,26.4,
,1993,1.021,0.355396,59.81,32.54,
,1994,1.064,0.394761,65.87,36.91,
,1995,0.987,0.424898,73.51,40.54,20.9
,1996,1.018,0.436939,76.95,42.88,21.96
,1997,1.116,0.450574,80.69,45.52,22.89
,1998,1.17,0.466079,82.57,48.55,23.7
,1999,1.373,0.494406,85.77,53.68,33.82
,2000,1.534,0.516226,93.17,60.14,48.19
,2001,1.605,0.515601,96.72,64.55,54.41
,2002,1.505,0.521518,99.09,66.57,55.34
,2003,1.221,0.544909,99.01,72.27,65.66
,2004,1.071,0.564956,101.46,77.72,74.8
,2005,1.03,0.564715,102.79,79.83,80.55
,2006,0.986,0.555338,104.32,83.41,90.34
,2007,0.82,0.554435,104.48,85.7,91.07
,2008,0.709,0.53743,106.51,89.65,94.9
,2009,0.72,0.515184,100.15,91.09,93.71
,2010,0.755,0.501703,100.2,91.97,92.53
,2011,0.719,0.506407,104.26,95.57,102.22
,2012,0.778,0.504542,105.65,99.02,108.03
,2013,0.753,0.491124,105.32,100.4,106.57
,2014,0.754,0.485412,103.44,100.33,104.17
,2015,0.901,0.491548,100,100,100
,2016,0.904,0.503194,96.58,99.48,96.45
,2017,0.887,0.516433,99.08,100.79,94.06
,2018,0.847,0.520724,102.28,103.32,96.85
,2019,0.893,0.528803,102.93,106.07,100.93
,2020,0.878,0.526884,101.04,108.13,100.9
Slovenia,1986,,,,0.01,
,1987,,,,0.01,
,1988,,,,0.04,
,1989,,,,0.54,
,1990,,0.034808,,3.51,
,1991,,0.065631,,7.54,
,1992,,0.197753,,23.38,
,1993,,0.264805,,30.81,
,1994,,0.317835,,37.27,
,1995,0.495,0.390393,,42.29,
,1996,0.565,0.427963,,46.46,26.13
,1997,0.666,0.456043,,50.35,30.27
,1998,0.693,0.482519,65.99,54.32,33.7
,1999,0.759,0.508506,68.43,57.66,37.02
,2000,0.929,0.526349,73.53,62.8,46.32
,2001,1.013,0.560022,79.04,68.06,52.12
,2002,1.003,0.583286,81.8,73.16,54.31
,2003,0.864,0.608518,82.85,77.21,56.19
,2004,0.803,0.608333,84.8,79.99,60.06
,2005,0.804,0.610135,86.53,81.95,67.19
,2006,0.797,0.6105,88.46,83.96,72.7
,2007,0.73,0.631131,91.65,87.03,74.95
,2008,0.684,0.633789,94.86,91.95,82.89
,2009,0.72,0.645,92.85,92.72,80
,2010,0.755,0.637413,94.84,94.39,90.53
,2011,0.719,0.62397,99.32,96.09,98.16
,2012,0.778,0.606793,100.2,98.59,106.37
,2013,0.753,0.590407,100.28,100.33,108.72
,2014,0.754,0.591238,99.98,100.53,107.19
,2015,0.901,0.595298,100,100,100
,2016,0.904,0.577106,98.73,99.95,95.37
,2017,0.887,0.570149,101.13,101.37,99.29
,2018,0.847,0.568261,103.15,103.14,104.96
,2019,0.893,0.562517,103.25,104.82,106.21
,2020,0.878,0.556785,102.76,104.76,95.95
Spain,1978,0.461,0.338671,21.81,14.96,11.89
,1979,0.404,0.365675,25.03,17.3,13.53
,1980,0.431,0.380169,29.3,20,19.79
,1981,0.555,0.390203,33.86,22.91,26.19
,1982,0.66,0.417413,38.07,26.21,28.98
,1983,0.863,0.449416,43.45,29.4,33.63
,1984,0.966,0.480895,48.65,32.71,37.23
,1985,1.022,0.506221,52.49,35.6,38.87
,1986,0.841,0.550211,52.74,38.73,36.43
,1987,0.742,0.568852,53.02,40.76,35
,1988,0.7,0.582087,54.58,42.73,34.78
,1989,0.712,0.598756,56.86,45.64,35.67
,1990,0.613,0.619435,58.03,48.7,38.6
,1991,0.625,0.640726,58.76,51.59,41.53
,1992,0.615,0.668489,59.44,54.65,44.33
,1993,0.765,0.682646,60.86,57.15,47.67
,1994,0.805,0.694306,63.56,59.84,49.4
,1995,0.749,0.713594,67.92,62.64,51.1
,1996,0.761,0.724042,69.11,64.87,52.99
,1997,0.88,0.723932,69.98,66.15,54.26
,1998,0.898,0.723853,69.68,67.36,52.19
,1999,0.939,0.73921,70.28,68.92,53.87
,2000,1.085,0.739549,74.29,71.28,61.06
,2001,1.117,0.747416,75.57,73.84,60.47
,2002,1.061,0.742312,76,76.11,59.98
,2003,0.885,0.760047,77.09,78.42,60.8
,2004,0.805,0.76653,79.95,80.8,63.73
,2005,0.805,0.769508,83.74,83.52,69.86
,2006,0.797,0.736983,87.92,86.46,75.44
,2007,0.73,0.7333,90.92,88.87,76.71
,2008,0.684,0.725862,96.4,92.49,85.88
,2009,0.72,0.718152,91.13,92.23,78.12
,2010,0.755,0.72637,94.83,93.89,87.91
,2011,0.719,0.714129,100.98,96.89,101.75
,2012,0.778,0.694976,103.69,99.26,110.76
,2013,0.753,0.6748,103.67,100.65,110.8
,2014,0.754,0.662359,102.23,100.5,109.91
,2015,0.901,0.66474,100,100,100
,2016,0.904,0.642644,98.22,99.8,91.37
,2017,0.887,0.630839,101.99,101.75,98.73
,2018,0.847,0.631944,104.6,103.45,104.77
,2019,0.893,0.626031,104.54,104.18,103.47
,2020,0.878,0.617946,101.52,103.84,93.53
Sweden,1978,4.517,6.314985,26.66,26.18,11.56
,1979,4.287,6.294379,29.81,28.07,13.63
,1980,4.229,6.449293,34.01,31.91,18.03
,1981,5.06,6.408355,37.82,35.77,21.15
,1982,6.282,6.523414,42.68,38.85,23.73
,1983,7.667,6.902407,47.34,42.29,25.13
,1984,8.273,7.170772,51.53,45.7,26.16
,1985,8.602,7.396126,54.42,49.07,29.34
,1986,7.124,7.708521,55.55,51.14,27.35
,1987,6.34,7.877662,57.31,53.29,27.78
,1988,6.129,8.10927,60.76,56.39,28.91
,1989,6.446,8.421742,65.64,60.02,31.73
,1990,5.918,8.886935,68.45,66.25,42.12
,1991,6.045,9.305145,69.38,72.5,45.39
,1992,5.823,9.190188,68.26,74.22,45.33
,1993,7.785,9.176092,72,77.73,51.37
,1994,7.716,9.21676,75.24,79.41,51.64
,1995,7.134,9.371542,82.56,81.36,52.56
,1996,6.707,9.268636,80.64,81.79,55.89
,1997,7.635,9.333029,81.36,82.33,58.71
,1998,7.947,9.396272,80.85,82.11,58.7
,1999,8.262,9.3059,80.37,82.49,58.63
,2000,9.161,9.160268,83.77,83.23,63.08
,2001,10.338,9.400158,84.91,85.24,67.48
,2002,9.721,9.413655,84.32,87.08,68.53
,2003,8.078,9.495769,83.24,88.75,76.74
,2004,7.346,9.302011,83.8,89.09,79.07
,2005,7.474,9.479182,87.01,89.49,83.4
,2006,7.373,9.123665,90.38,90.71,89.7
,2007,6.758,8.88369,94.11,92.71,89.87
,2008,6.597,8.778986,96.93,95.9,99.46
,2009,7.653,8.914179,98.2,95.42,97.79
,2010,7.202,9.017736,98.63,96.53,104.2
,2011,6.489,8.844042,99.92,99.39,109.58
,2012,6.769,8.654768,100.03,100.27,109.82
,2013,6.513,8.597681,97.63,100.23,107.79
,2014,6.86,8.727131,99.35,100.05,105.15
,2015,8.429,8.854383,100,100,100
,2016,8.556,8.822586,98.48,100.98,101.28
,2017,8.547,8.852247,102.84,102.8,107.14
,2018,8.69,8.860636,109.21,104.8,118.41
,2019,9.456,8.877487,112.37,106.67,122.09
,2020,9.21,8.765112,109.58,107.21,110.25
Switzerland,1978,1.788,2.210178,76.67,51.23,48.69
,1979,1.663,2.081436,78.18,53.1,65.64
,1980,1.676,1.960666,81.59,55.24,69.86
,1981,1.966,1.892582,86.22,58.82,76.58
,1982,2.03,1.913434,89.44,62.15,77.53
,1983,2.099,1.884895,90.44,63.98,74.66
,1984,2.35,1.887659,93.05,65.86,76.38
,1985,2.457,1.871343,94.96,68.12,79.91
,1986,1.798,1.890066,93.75,68.63,61.51
,1987,1.491,1.88492,93.05,69.62,57.52
,1988,1.463,1.871498,95.05,70.93,54.95
,1989,1.636,1.86318,98.07,73.16,60.82
,1990,1.389,1.936289,100.38,77.12,64.6
,1991,1.434,1.97426,101.69,81.64,65.51
,1992,1.406,1.971282,102.4,84.93,63.68
,1993,1.477,1.970372,102.9,87.73,67.98
,1994,1.367,1.952026,102.4,88.48,67.44
,1995,1.182,1.926041,102.29,90.07,68.99
,1996,1.236,1.891189,100.49,90.8,71.61
,1997,1.45,1.844334,99.79,91.27,74.06
,1998,1.45,1.827663,98.57,91.29,69.83
,1999,1.503,1.802836,97.57,92.02,72
,2000,1.688,1.788109,98.48,93.46,85.26
,2001,1.687,1.768379,98.98,94.38,83.96
,2002,1.557,1.70976,98.48,94.99,80.32
,2003,1.345,1.717018,98.48,95.6,81.4
,2004,1.243,1.693209,99.6,96.36,84.18
,2005,1.246,1.686548,100.84,97.49,92.9
,2006,1.253,1.600989,102.83,98.53,99.44
,2007,1.2,1.533994,105.37,99.25,101.5
,2008,1.084,1.493049,108.63,101.65,113.2
,2009,1.086,1.46898,106.85,101.17,95.67
,2010,1.043,1.464944,106.59,101.86,104.72
,2011,0.887,1.397498,105.13,102.1,111.35
,2012,0.937,1.354072,104.59,101.39,114.26
,2013,0.927,1.312477,104.83,101.17,112.76
,2014,0.915,1.281761,103.9,101.16,111.8
,2015,0.962,1.235788,100,100,100
,2016,0.985,1.201964,98.5,99.57,96.59
,2017,0.985,1.187726,98.08,100.1,100.85
,2018,0.978,1.17868,99.42,101.03,109.12
,2019,0.994,1.159406,99.05,101.4,108.44
,2020,0.939,1.139488,97.52,100.66,99.7
Turkey,1978,,0.000014,,,
,1979,,0.000023,,,
,1980,,0.00004,0.001,,
,1981,,0.000052,0.002,,
,1982,,0.000063,0.00346,,
,1983,,0.000076,0.00454,,
,1984,,0.000109,0.01,,
,1985,0.001,0.000162,0.01,0.01,
,1986,0.001,0.000216,0.01,0.01,
,1987,0.001,0.000282,0.02,0.01,
,1988,0.001,0.000461,0.03,0.02,
,1989,0.002,0.000779,0.05,0.03,
,1990,0.003,0.001188,0.07,0.05,
,1991,0.004,0.001825,0.11,0.08,
,1992,0.007,0.002921,0.18,0.14,
,1993,0.011,0.004787,0.28,0.23,
,1994,0.03,0.009676,0.6,0.47,0.37
,1995,0.046,0.017742,1.09,0.89,0.66
,1996,0.081,0.031042,1.86,1.61,1.35
,1997,0.152,0.055385,3.36,2.99,2.47
,1998,0.261,0.128877,5.59,5.52,4.05
,1999,0.419,0.196465,8.79,9.1,7.08
,2000,0.624,0.281508,13.73,14.1,11.07
,2001,1.228,0.414892,22.88,21.77,21.27
,2002,1.512,0.591251,33.93,31.56,30.98
,2003,1.503,0.737306,40.99,38.38,36.63
,2004,1.426,0.79283,46.38,41.68,38.35
,2005,1.341,0.834589,49.89,45.08,43.99
,2006,1.43,0.842933,54.55,49.41,48.95
,2007,1.3,0.852344,57.59,53.74,52.02
,2008,1.299,0.87996,64.36,59.35,63.66
,2009,1.547,0.903963,63.99,63.06,66.93
,2010,1.499,0.919607,67.84,68.46,73.98
,2011,1.672,0.966176,76.88,72.89,81.27
,2012,1.792,1.019856,81.08,79.37,92.54
,2013,1.905,1.070294,84.69,85.32,99.47
,2014,2.189,1.104504,94.37,92.88,101.98
,2015,2.723,1.162452,100,100,100
,2016,3.022,1.241052,105.57,107.78,102.7
,2017,3.649,1.38398,124.06,119.79,113.44
,2018,4.84,1.633464,157.12,139.35,135.35
,2019,5.676,1.895514,182.73,160.5,153.76
,2020,7.017,2.128511,205.62,180.21,165.76
United Kingdom,1978,0.521,0.4343,27.29,22.68,13.57
,1979,0.472,0.457439,30.51,25.72,15.88
,1980,0.43,0.502207,35.37,30.35,20.04
,1981,0.498,0.511874,39.16,33.95,24.17
,1982,0.573,0.517855,42.49,36.87,26.92
,1983,0.66,0.523865,45.26,38.57,28.88
,1984,0.752,0.531057,47.94,40.48,29.76
,1985,0.779,0.54315,50.93,42.94,31.28
,1986,0.682,0.55551,51.61,44.41,29.52
,1987,0.612,0.5716,53.37,46.25,29.48
,1988,0.562,0.585987,55.34,48.2,29.73
,1989,0.611,0.60863,57.98,51,31.61
,1990,0.563,0.632935,61.6,55.1,34.67
,1991,0.567,0.65153,64.9,59.2,37.35
,1992,0.57,0.658168,66.92,61.9,38.28
,1993,0.666,0.660507,69.57,63.5,39.41
,1994,0.653,0.65571,71.31,64.9,41.18
,1995,0.634,0.714632,74.18,66.6,42.65
,1996,0.641,0.714617,75.64,68.5,43.78
,1997,0.611,0.708919,74.6,70,45.16
,1998,0.604,0.720742,73.08,71.3,45.33
,1999,0.618,0.725819,72.92,72.6,47.32
,2000,0.661,0.704306,74.32,73.4,50.63
,2001,0.694,0.694382,73.89,74.6,49.31
,2002,0.667,0.689877,73.7,75.7,48.92
,2003,0.612,0.696596,74.54,76.7,50.19
,2004,0.546,0.68841,76.21,77.8,53.35
,2005,0.55,0.707619,79.29,79.4,59.3
,2006,0.543,0.69742,81.77,81.4,68
,2007,0.5,0.7101,84.24,83.3,71.8
,2008,0.546,0.701691,92.27,86.2,84.1
,2009,0.641,0.709551,90.14,87.9,84.3
,2010,0.647,0.701707,93.92,90.1,89.2
,2011,0.624,0.706052,100.99,93.6,99.8
,2012,0.631,0.701634,103.07,96,104.8
,2013,0.64,0.695248,104.18,98.2,108.3
,2014,0.607,0.698444,103.14,99.6,108.4
,2015,0.655,0.692551,100,100,100
,2016,0.741,0.688603,100.18,101,97.5
,2017,0.777,0.684601,104.09,103.6,103.4
,2018,0.75,0.683551,107.67,106,110.5
,2019,0.784,0.683982,109.22,107.8,112.8
,2020,0.78,0.699569,108.12,108.9,105.4
United States,1978,1,1,36.13,27.52,25.89
,1979,1,1,40.14,30.62,32.4
,1980,1,1,45.54,34.77,42.4
,1981,1,1,49.76,38.36,48.16
,1982,1,1,51.74,40.71,48.87
,1983,1,1,52.59,42.02,49.25
,1984,1,1,53.69,43.83,49.74
,1985,1,1,54.16,45.38,50.09
,1986,1,1,53.05,46.24,43.49
,1987,1,1,54.36,47.94,43.66
,1988,1,1,56.26,49.89,43.99
,1989,1,1,59.08,52.3,46.49
,1990,1,1,61.69,55.13,50.32
,1991,1,1,62.46,57.46,50.49
,1992,1,1,63.25,59.2,50.77
,1993,1,1,64.2,60.95,51.33
,1994,1,1,65.05,62.54,51.57
,1995,1,1,66.95,64.29,51.87
,1996,1,1,68.49,66.18,54.28
,1997,1,1,68.71,67.72,54.96
,1998,1,1,67.99,68.77,50.7
,1999,1,1,69.13,70.28,52.55
,2000,1,1,71.95,72.65,61.42
,2001,1,1,72.51,74.71,63.72
,2002,1,1,72.03,75.89,59.97
,2003,1,1,73.86,77.61,67.27
,2004,1,1,77.03,79.69,74.62
,2005,1,1,81.28,82.4,87.26
,2006,1,1,84.57,85.05,97.02
,2007,1,1,87.8,87.48,102.38
,2008,1,1,94.75,90.84,116.64
,2009,1,1,90.07,90.52,95.19
,2010,1,1,94.56,92,104.22
,2011,1,1,101.91,94.9,120.21
,2012,1,1,104.06,96.87,121.28
,2013,1,1,104.5,98.29,120.46
,2014,1,1,105.35,99.88,120.05
,2015,1,1,100,100,100
,2016,1,1,98.06,101.26,93.42
,2017,1,1,101.46,103.42,100.81
,2018,1,1,106.06,105.94,108.4
,2019,1,1,106.07,107.86,106.11
,2020,1,1,103.85,109.2,97.07
Iceland,1978,2.708,3.148813,,0.81,
,1979,3.533,4.09671,,1.16,
,1980,4.785,5.728987,,1.85,
,1981,7.206,7.808006,,2.8,
,1982,12.296,11.298663,,4.21,
,1983,24.853,19.278026,,7.75,
,1984,31.726,23.608383,,10.14,
,1985,41.537,30.22711,,13.38,
,1986,41.102,36.915378,,16.34,
,1987,38.676,43.210325,,19.33,
,1988,43.049,51.394262,,24.31,
,1989,57.109,60.765116,,29.35,
,1990,58.378,67.458914,,33.9,
,1991,59.096,70.710816,,36.21,
,1992,57.619,71.519962,,37.64,
,1993,67.642,71.144486,,39.16,34.31
,1994,69.99,71.47048,,39.77,34.45
,1995,64.766,72.101022,,40.43,34.65
,1996,66.691,74.303174,,41.34,36.17
,1997,70.969,73.690118,,42.09,37.83
,1998,71.174,76.665861,,42.79,36.98
,1999,72.43,79.246596,,44.17,38.05
,2000,78.845,84.696713,,46.44,42.57
,2001,97.671,88.28279,,49.42,44.3
,2002,91.585,91.105413,,51.99,43.37
,2003,76.693,92.703742,,53.05,44.23
,2004,70.192,93.364105,,54.73,47.56
,2005,62.875,95.840665,46.56,56.91,50.47
,2006,69.899,101.768885,54.69,60.72,54.49
,2007,64.075,107.491314,55.68,63.79,55.41
,2008,87.999,114.527003,72.96,71.88,67.42
,2009,123.665,121.886207,81.23,80.51,72.91
,2010,122.242,132.779525,90.78,84.86,84.2
,2011,116.058,135.152004,99.11,88.25,98.57
,2012,125.118,136.96767,100.15,92.83,107.19
,2013,122.167,137.022617,95.78,96.42,107.29
,2014,116.688,138.547869,95.15,98.39,105.84
,2015,131.896,141.974926,100,100,100
,2016,120.835,140.02995,91.91,101.7,97.12
,2017,106.823,138.277175,87.71,103.49,99.58
,2018,108.269,138.296417,93.66,106.26,104.72
,2019,122.636,140.567255,98.26,109.47,107.6
,2020,135.382,145.342056,102.47,112.58,105.46
Latvia,1991,,,,1.05,
,1992,,,,11.05,
,1993,0.961,,,23.09,
,1994,0.796,0.243,,31.39,
,1995,0.751,0.296771,,39.23,23.4
,1996,0.784,0.328835,,46.14,29.61
,1997,0.827,0.342004,,50.04,34.02
,1998,0.839,0.353102,57.74,52.36,35.21
,1999,0.833,0.354315,54.72,53.6,36.3
,2000,0.863,0.360698,55.93,55.02,38.55
,2001,0.893,0.353274,56.54,56.39,39
,2002,0.88,0.360954,56.75,57.48,39
,2003,0.813,0.378618,58.79,59.17,40.54
,2004,0.769,0.399667,63.42,62.84,44.74
,2005,0.804,0.438594,69.15,67.08,50.18
,2006,0.797,0.489546,75.72,71.46,56.53
,2007,0.731,0.566495,87.31,78.68,62.36
,2008,0.684,0.575542,94.56,90.8,79.46
,2009,0.719,0.520747,87.48,94,82.67
,2010,0.755,0.486634,90.65,92.98,87.1
,2011,0.713,0.498506,96.79,97.05,98.84
,2012,0.778,0.506203,98.54,99.24,107.47
,2013,0.753,0.499271,100.58,99.21,104.91
,2014,0.754,0.497558,100.97,99.83,102.82
,2015,0.901,0.497569,99.98,100,100
,2016,0.904,0.484535,98.54,100.14,93.06
,2017,0.887,0.484537,101.65,103.08,96.86
,2018,0.847,0.49098,105.67,105.69,103.79
,2019,0.893,0.496688,106.46,108.66,106.98
,2020,0.878,0.481785,105.63,108.9,99.36
Lithuania,1991,,,,0.35,
,1992,,,,3.88,
,1993,1.258,,,19.82,
,1994,1.152,,,34.14,
,1995,1.158,0.361475,,47.67,26.4
,1996,1.158,0.423296,,59.41,32.21
,1997,1.158,0.463964,,64.69,37.34
,1998,1.158,0.47262,59.65,67.97,42.36
,1999,1.158,0.461162,60.49,68.46,45.95
,2000,1.158,0.451527,71.06,69.13,54.19
,2001,1.158,0.432687,68.47,70.08,54.21
,2002,1.065,0.42073,65.86,70.28,55.12
,2003,0.886,0.404409,65.58,69.48,55.71
,2004,0.805,0.414384,70.56,70.29,57.23
,2005,0.803,0.435163,79.87,72.16,61.37
,2006,0.797,0.44685,85.49,74.85,66.03
,2007,0.731,0.470767,90.59,79.15,70.54
,2008,0.683,0.492829,106.37,87.8,83.25
,2009,0.719,0.469048,89.02,91.71,90.51
,2010,0.755,0.450033,99.1,92.92,99.86
,2011,0.719,0.451921,113.7,96.75,111.88
,2012,0.778,0.452657,118.4,99.74,119.33
,2013,0.753,0.443347,114.78,100.79,117.87
,2014,0.753,0.44262,109.73,100.89,113.31
,2015,0.901,0.445858,100,100,100
,2016,0.904,0.43844,95.14,100.91,93.46
,2017,0.887,0.44272,100.88,104.66,97.19
,2018,0.847,0.446753,106.44,107.49,104.13
,2019,0.893,0.450618,106.48,110,104.26
,2020,0.878,0.451998,96.28,111.31,93.98
Euro area,1979,0.73,,,,
,1980,0.72,,,,
,1981,0.898,,54.38,,
,1982,1.024,,58.41,,
,1983,1.125,,61.19,,
,1984,1.272,,64.61,,
,1985,1.322,,67.27,,
,1986,1.019,,66.17,,
,1987,0.867,,66.43,,
,1988,0.846,,67.95,,
,1989,0.908,,70.8,,
,1990,0.788,,72.12,59.07,
,1991,0.809,,73.57,61.62,
,1992,0.773,,74.71,63.94,
,1993,0.854,,75.54,66.11,
,1994,0.843,,76.98,67.98,
,1995,0.765,0.887527,78.13,69.71,
,1996,0.788,0.895407,78.17,71.34,53.13
,1997,0.882,0.877994,78.5,72.56,54.57
,1998,0.894,0.870131,78.09,73.45,53.18
,1999,0.939,0.874119,78.08,74.3,54.52
,2000,1.085,0.863316,81.33,75.81,61.78
,2001,1.117,0.860235,82.43,77.64,63.23
,2002,1.061,0.852014,82.65,79.4,62.91
,2003,0.885,0.858762,83.34,81.08,64.91
,2004,0.805,0.856738,85.47,82.85,67.91
,2005,0.805,0.85272,88.23,84.67,74.75
,2006,0.797,0.827457,91.27,86.53,80.6
,2007,0.73,0.821191,94,88.41,82.7
,2008,0.684,0.806152,98.35,91.37,91.27
,2009,0.72,0.794418,93.39,91.65,84.09
,2010,0.755,0.792321,96.48,93.13,90.31
,2011,0.719,0.780416,101.6,95.67,101.06
,2012,0.778,0.774121,103.46,98.06,108.78
,2013,0.753,0.755494,103.36,99.38,109.45
,2014,0.754,0.751991,102.43,99.81,107.35
,2015,0.901,0.755235,99.99,100,100
,2016,0.904,0.729722,98.63,100.23,94.91
,2017,0.887,0.721073,101.58,101.78,99.59
,2018,0.847,0.713083,104.04,103.56,105.96
,2019,0.893,0.707671,104.67,104.8,107.15
,2020,0.878,0.706133,102.93,105.06,99.83